Date_Time_PH,Latitude,Longitude,Depth_In_Km,Magnitude
2023-07-25 02:06:50,14.754921647237063,120.26544016734923,60.55383405068258,4.200081886503837
2023-01-22 02:06:50,14.745281895793786,120.41850008051662,30.35943130838714,5.089548760480541
2025-08-02 02:06:50,14.82573732870181,120.5898185546575,71.72799224305298,3.8855319771560786
2024-08-22 02:06:50,14.599762694178926,120.45057143482659,76.14152296967117,6.22788974398139
2025-01-05 02:06:50,14.808686142022323,120.55320037168411,11.14908044258097,4.8439730479636935
2025-09-05 02:06:50,14.788219777802887,120.49370181495993,51.871591956470006,4.640718022571473
2023-07-14 02:06:50,14.8547630675231,120.5256358707743,51.380165003514534,4.517257267023632
2025-07-24 02:06:50,14.664532949836627,120.42039254332893,37.55879625133856,5.2998928894169435
2023-10-24 02:06:50,14.73666992857624,120.44158018819167,93.35956139439755,4.867622072823844
2024-12-23 02:06:50,14.75660515756744,120.4149474528946,82.9231256674489,5.345431395053304
2023-09-18 02:06:50,14.809977971686974,120.3898297637354,70.02372880905403,4.405241080109847
2024-11-11 02:06:50,14.77901001288305,120.46361517523736,71.71833693776476,7.993618077724014
2023-04-21 02:06:50,18.630591134799356,124.09229425663109,46.70989823749879,6.227955065680729
2025-02-28 02:06:50,10.70032839827317,126.98182262532245,92.17845758856102,5.358733471947287
2024-08-29 02:06:50,10.13021645199196,126.26424664477913,69.76494729807526,3.99983034787765
2025-11-10 02:06:50,12.3026832845254,123.06821719488711,73.16912510392582,7.781200031940405
2025-03-24 02:06:50,4.751455468400881,120.6337285862348,86.30739947494718,4.467403219806703
2023-11-15 02:06:50,6.6605339000972705,122.99795101179056,28.13308734487691,5.637877210395863
2023-07-29 02:06:50,15.808537862821927,124.64216779888255,80.9000194828036,4.521545154187374
2024-08-14 02:06:50,5.3247786868020235,117.30169810015727,20.32881969269271,6.995114850767395
2022-12-15 02:06:50,13.650433751462211,120.50895378665918,35.1888532722439,4.494990789345774
2024-07-09 02:06:50,7.925585754901135,125.23782514199179,34.225434972714424,7.0544830195173605
2024-01-02 02:06:50,10.228729824671625,120.22216247126349,97.87402137052491,4.279457833884537
2023-04-01 02:06:50,8.619099788331198,122.29059498349905,85.79718515104476,3.3145982735091843
2025-05-26 02:06:50,9.690763463439186,122.46546296948418,70.41581629743571,4.406810701849033
2023-04-19 02:06:50,15.504734482947928,118.02923878447004,72.97861939992362,6.020804193469826
2024-01-15 02:06:50,8.7539474499708,119.98458985817517,56.645206645854536,3.8347654664452078
2023-04-19 02:06:50,13.062474244750355,119.67962417616125,94.76197604374339,5.181588528850566
2024-05-18 02:06:50,11.616806435185595,116.28816379385272,50.12961653535379,5.1856224791996315
2023-08-23 02:06:50,14.61873864580237,116.2661094028049,38.67125327711956,8.685076458797274
2024-02-24 02:06:50,18.989275829196128,125.1486674804335,17.14049835622751,4.171112088655057
2025-11-11 02:06:50,15.721153555364005,119.00377890970094,78.83435957384474,8.001753211779198
2023-08-14 02:06:50,7.439046057452108,121.69886642862697,73.70994927548355,4.177631706361333
2025-06-18 02:06:50,4.498930160980555,119.2859813094765,39.051148813889355,6.656691359115236
2024-11-09 02:06:50,8.196224708797201,126.34747169626874,3.4941479819637067,4.921021086519092
2024-04-10 02:06:50,13.521246891204077,118.85226434752352,84.06073544408306,4.697115074576523
2025-01-20 02:06:50,4.822813015748006,120.72622494012829,2.1303803619532897,3.62885671586769
2025-11-18 02:06:50,11.941859955219781,125.60003275533062,70.66627818327605,6.639556513807472
2025-04-04 02:06:50,13.549485582670227,125.2612692347099,97.05545386287965,7.8972011541290055
2023-10-17 02:06:50,9.347902253071373,118.04711559630906,44.32847148667214,6.553840283948178
2024-05-16 02:06:50,16.334595259933153,124.82907640775281,24.262367094599323,4.380081598925779
2023-06-18 02:06:50,5.705572050140349,121.04005575411682,70.7822299942948,4.839174024167857
2025-09-01 02:06:50,5.20220450777294,121.3126575929389,81.89568605954292,5.121378084707921
2023-04-21 02:06:50,15.651020099257654,117.46827969657538,55.09660129170688,6.864698577019372
2024-07-11 02:06:50,11.927861059299175,116.88661665132837,96.73649225035847,8.341844956494029
2023-10-18 02:06:50,15.014438342843777,124.00733237671142,6.1152034441381495,4.9955892084336515
2025-10-28 02:06:50,10.95723741765994,121.4610726759083,50.97476423214829,3.369110226763162
2025-05-10 02:06:50,7.942432531825709,120.80535772876698,72.12694078493246,3.363680076796808
2023-02-10 02:06:50,17.105637082787197,124.02459051517636,86.40140664376872,4.267776971719475
2023-02-14 02:06:50,16.790654063503666,124.42064188890221,18.746305578871215,7.762181568087037
2024-05-15 02:06:50,12.215803528038473,123.92752738001711,80.20034469460445,6.7053970963573875
2023-12-30 02:06:50,12.350709603428525,123.92657685644967,55.71800049613598,7.017409205814719
2024-10-26 02:06:50,12.375011771979473,123.86527933544757,40.25881451700636,4.3434212251614355
2023-12-03 02:06:50,12.060455086837562,123.77075275284083,14.039787829330262,4.721213570505735
2025-06-23 02:06:50,12.265700235538766,123.7802578185119,86.66428013198232,7.663712348347277
2025-05-14 02:06:50,12.380089872418619,123.96334608469994,16.57004760979182,8.962842849844051
2023-03-12 02:06:50,12.24923582570785,123.89435665880629,31.668998061700826,7.730323604002418
2025-03-07 02:06:50,12.34081008643943,123.87855960879368,29.71450766428125,7.732256886843642
2023-09-08 02:06:50,11.136092367327292,119.1040578216252,87.26998938489457,4.290858280005199
2024-09-02 02:06:50,6.962126861417914,118.87876252109497,67.59759642668091,6.899511861914411
2023-02-19 02:06:50,12.67041515805373,118.716766789792,79.87145832194587,3.7191992314561917
2025-02-09 02:06:50,17.96713337402253,125.9688003857314,25.7963219804574,8.206324512684674
2023-12-13 02:06:50,15.715598182552979,118.74500819834456,62.862535861092894,6.184643555529868
2024-12-29 02:06:50,16.904978365783194,118.99144698741495,57.60285233123112,4.985774577771525
2023-07-07 02:06:50,14.540533867371478,124.3533808865976,83.45020730203883,3.2338549020687086
2022-12-21 02:06:50,15.07642503228564,120.94713826695595,90.7026189876448,4.935389299737414
2023-10-02 02:06:50,17.58713042504511,124.543816126507,2.203520376261294,5.4565323915007795
2025-04-29 02:06:50,7.994688141746975,116.71902773320824,67.72797198682048,5.649833422226643
2023-10-30 02:06:50,11.830799418290248,121.36328313040723,6.131744112853173,5.008237744887016
2025-05-28 02:06:50,7.539351069113636,116.36974960201611,55.33700784265824,4.584953935317649
2024-11-17 02:06:50,19.802688127946354,116.6891852380089,29.47564017532414,4.165066515378148
2024-07-27 02:06:50,19.104949434985812,125.97081198678852,31.37088335269198,7.194753458216009
2023-01-02 02:06:50,4.630828981896094,117.53169908229354,35.9428918417833,7.6061315223502035
2025-11-17 02:06:50,15.289202760251015,121.85662750502739,62.5079524559114,5.89973511255578
2025-09-28 02:06:50,18.803973078650653,120.52205162860777,34.07094660120815,4.251440879135443
2024-06-29 02:06:50,6.8892055220373365,119.82077658884727,73.53720600843776,3.9500874429307196
2024-02-23 02:06:50,13.087123688842071,125.89816680256,41.0482111718131,4.996757224058644
2022-12-11 02:06:50,18.64781276140867,116.24005736453039,7.766966830685903,8.276448830081224
2024-04-18 02:06:50,4.5431356573727815,123.30168654793148,78.59222440592661,6.004690394061125
2024-11-05 02:06:50,15.158724275949439,126.59733877634906,29.290074134677894,8.559332187493625
2024-10-09 02:06:50,8.757584117960812,122.16185001808026,43.843921080327,8.488586814400453
2025-02-16 02:06:50,18.790339126024485,126.30504708236401,68.85894443896825,6.988780913218004
2024-11-18 02:06:50,19.536931922645884,116.57483667214626,33.91315955772249,3.8806757920885033
2025-04-15 02:06:50,19.108263825814944,120.60672650981577,6.601979958524847,8.502773097405194
2023-02-18 02:06:50,11.58742746651942,118.86173570058256,38.01818365426855,3.7805063983011977
2025-10-22 02:06:50,17.792682415829013,124.03903061478803,94.50040968673603,4.2979388116344674
2023-01-15 02:06:50,17.512790376561128,126.79426799546971,64.53170533255727,6.0982728490248785
2025-07-20 02:06:50,9.10560757189209,118.82183068688673,67.47643571805348,4.837826289372675
2025-05-15 02:06:50,17.262647586410836,123.19592061621482,63.59593321012635,6.075071416204414
2023-10-14 02:06:50,4.592122155447882,118.17907396035714,20.70022175698424,3.7351474942576433
2023-05-17 02:06:50,13.540318055712849,122.21863280028771,42.415052546125736,4.300859682959436
2023-01-10 02:06:50,7.680141396603249,121.10325735357169,75.3430400379685,6.872947964867224
2022-12-26 02:06:50,5.929070172436461,126.69205862594691,11.035916857762755,7.7000137369463575
2024-07-17 02:06:50,5.2312512260673465,122.69379999966114,28.507424832881515,8.856745103961584
2024-10-21 02:06:50,15.140620414050236,119.84457009295501,28.355591738119507,3.5128442189161975
2023-09-19 02:06:50,9.437999420289058,117.25505363376726,43.769873831856096,4.991230486030327
2025-08-25 02:06:50,15.596268344460183,117.66371511608428,98.05650535327632,4.482586270502314
2024-01-18 02:06:50,5.045701452783078,118.47848622946358,7.682752121698372,5.4394718128318775
2023-12-07 02:06:50,9.044645405289765,118.76063327474328,52.35139844367891,6.070669401012352
2023-04-16 02:06:50,12.631860678005395,125.35677663625252,18.757103519208833,4.562051184742643
2024-03-29 02:06:50,16.523330882601122,122.24237854908174,97.09697799556467,8.024556657029803
2024-02-28 02:06:50,16.635629845799908,122.37334518294593,12.217046968018956,8.637962773123938
2023-02-07 02:06:50,16.53148372330749,122.2866296342029,40.95649923379753,8.42717065825879
2024-07-17 02:06:50,16.639666233756877,122.4612853910666,74.050613498626,4.111580715608467
2023-10-27 02:06:50,16.652137957317535,122.29546561472463,70.75088837471708,6.1873462735038895
2024-10-30 02:06:50,16.500368766900053,122.37457621969398,42.85013505249929,8.089846818647256
2023-07-15 02:06:50,16.649990488703203,122.53090790732922,35.3058926273191,7.447077883568403
2023-09-29 02:06:50,16.659061735129185,122.48617972683422,40.363625476734185,7.238076873634624
2024-11-04 02:06:50,16.38962624317027,122.4241107849417,27.16335005270529,7.131252176355635
2025-05-09 02:06:50,16.595067982120753,122.36356909335758,21.32796093197318,4.711503551891578
2023-01-28 02:06:50,16.515079076003264,122.41461651023391,48.820930058330106,3.418714947494142
2023-06-24 02:06:50,16.696026384866602,122.44522525988532,27.584841850693124,4.969414280973777
2023-07-22 02:06:50,16.514059268306,122.27766662829126,29.458704824827763,5.063186738026168
2023-11-20 02:06:50,19.9669457685334,125.34972908628728,66.01885028398115,8.098823664121928
2024-05-17 02:06:50,9.611389047227362,123.35924571062019,96.88519583828933,4.451205057367751
2023-02-15 02:06:50,16.275012622898032,121.08525117100668,60.76008285537814,8.553583227549437
2025-08-28 02:06:50,10.430894617747875,120.5294209574296,8.62096723943166,8.181732534790228
2024-08-04 02:06:50,11.678009924862542,123.1607081386605,8.48277777155263,8.305456247554448
2025-04-15 02:06:50,14.040087411493921,121.99975056347596,95.19089886371103,5.462488223921601
2023-11-14 02:06:50,17.978833826981422,116.68500416470074,30.43178824042603,7.4944394166086035
2024-06-09 02:06:50,19.74533550718872,121.63752913647365,10.114631622165067,5.99159708329264
2023-01-07 02:06:50,16.29237462183229,124.87043978956123,60.30541412788777,4.246148835329722
2024-06-25 02:06:50,10.68426851467734,121.05163865356654,62.741229050736344,7.511332446663629
2024-05-03 02:06:50,10.741712036433123,116.57152235309695,65.20197719175013,6.847934001340272
2024-01-20 02:06:50,15.801316825422264,124.64906019322436,27.47280075789659,4.107849758632671
2024-05-24 02:06:50,7.820434332292837,118.21500160349572,2.495957737233028,4.843153973858419
2023-02-23 02:06:50,5.7675858101023145,118.84482918376843,96.53652157599271,5.210686659551339
2024-02-25 02:06:50,9.673954522252425,117.81176988775526,25.838411523419147,8.697295158593079
2023-09-28 02:06:50,8.595823866465308,119.63236571358647,67.9266025172022,3.845274067661226
2023-01-15 02:06:50,8.740929927295841,124.32426656257499,70.95635711799224,3.8418960567403477
2025-05-26 02:06:50,7.737724016798559,121.71324445454331,61.390734290869084,5.946417233208107
2024-03-09 02:06:50,4.67349103418179,118.25369401565784,31.977832027151173,4.043217412592281
2024-03-14 02:06:50,4.285982955734621,125.65613085967244,27.838529122642512,5.16494220055551
2023-04-04 02:06:50,19.803558235776507,125.67540040446681,60.16915998756761,4.6596810666004504
2023-12-23 02:06:50,10.844370139773797,125.57636267550608,86.74346772755746,3.2543414276518114
2024-02-22 02:06:50,10.149226354554907,118.62675832519693,94.72663916341617,4.392974938005823
2025-01-18 02:06:50,14.874356523089117,120.96363278599087,11.484674635972006,5.109225631982472
2024-01-18 02:06:50,7.492062205841027,126.83488621754962,16.328032647174265,7.8577743359040975
2024-02-07 02:06:50,19.199378943203605,124.4921372394099,94.52888961952489,7.729132855039729
2024-09-16 02:06:50,16.581520230648835,116.29884163348116,73.91698760514447,4.274185186323376
2024-05-17 02:06:50,5.430576036996152,116.71725050386542,88.41638865814754,5.849200413966815
2023-04-25 02:06:50,10.681292412558854,121.10324514493566,21.060630779398974,6.625509838750226
2024-01-03 02:06:50,18.065892920994635,126.00142226447716,59.17100123983079,8.687361059329955
2025-08-11 02:06:50,19.115712356662563,121.92571977747986,70.41281984732989,4.590047380544945
2025-11-30 02:06:50,11.478424179997916,121.47593758837719,68.33107665925029,4.208527738276388
2024-02-29 02:06:50,13.814582227371323,117.16021069952293,41.407017395803116,4.863125424403128
2025-04-26 02:06:50,6.672543137473204,123.22458115196723,2.524094277439539,4.200176153263838
2023-07-31 02:06:50,19.858698018191625,125.04313476660248,58.70967962362205,7.05203041108778
2024-11-12 02:06:50,7.706747222135094,120.18462008258318,26.05705237878127,7.9668807068959335
2022-12-21 02:06:50,19.08370838616201,124.5317303601786,45.575170368146146,6.027024277269676
2023-12-03 02:06:50,14.653286035276873,121.23444399242828,95.80052049329791,5.875355071373582
2025-03-30 02:06:50,14.617343864699627,121.0683161383648,40.50449644660104,7.389885537940319
2023-08-19 02:06:50,14.572264817748676,121.13926554147113,84.14035905977825,5.124885153835004
2025-05-13 02:06:50,14.494607418845284,121.17897073055653,19.66551996917586,7.4022846257908395
2025-08-01 02:06:50,14.56549180038079,121.06160399935047,67.57358930447785,5.094805974962645
2024-10-27 02:06:50,14.688611768821328,121.10621591952389,97.7236884894554,3.86943818619027
2023-10-27 02:06:50,14.586406120572757,121.2205487682705,11.087416986420742,8.62638736542963
2025-02-11 02:06:50,14.630847785710102,121.20222078304192,1.8236742804920092,6.16581632922334
2025-02-25 02:06:50,14.540447000856581,121.26987413387889,43.92469647062882,8.276981629621599
2023-07-02 02:06:50,4.925482825014342,126.06599075247748,10.169922822085352,6.4369490986711355
2025-05-18 02:06:50,19.505642082252983,121.86331753970754,75.0900506179469,6.747719763345736
2023-03-26 02:06:50,18.14057415941481,117.73750305118882,91.54031772100734,4.23235115458284
2023-11-11 02:06:50,18.844036531123407,123.65489029985683,43.96807629816713,6.677565979822315
2025-07-11 02:06:50,19.918525162342966,124.7258748548208,26.612452573388655,8.653735694346723
2024-04-02 02:06:50,6.782323987511797,119.4843784477428,44.005928581654366,5.3419862234028646
2025-05-29 02:06:50,10.33987230244254,125.42897182698628,72.6213339671501,4.522808017171329
2024-08-25 02:06:50,16.13181561126546,125.96757580242343,1.8963619964567269,7.517252607839152
2024-02-11 02:06:50,15.136329888860676,119.04594936115589,59.35594495898502,3.7636145641299557
2023-10-30 02:06:50,6.462334501437681,126.81873619986744,61.71587680385053,8.125310845805485
2023-04-22 02:06:50,17.053329999849886,117.54782680853634,64.13113644269762,5.0731150708523245
2024-10-25 02:06:50,7.591049149386571,118.22217235242739,24.960185918106845,7.412247282799655
2025-07-08 02:06:50,7.581081837161969,118.02647323161828,71.69121961443454,6.1855629703584105
2023-07-22 02:06:50,12.591590766294617,125.83388681008657,10.047757146845864,8.645931698065167
2024-07-31 02:06:50,13.48703895746725,123.19721807557458,20.72776331021328,8.851118105321966
2023-05-18 02:06:50,13.281379325404979,117.673147115445,87.86953461879371,5.93546525850782
2024-05-30 02:06:50,5.463789398364078,120.84355760205185,74.13359192193008,8.524375022388163
2024-12-29 02:06:50,18.039373802086086,122.76827827576783,2.3608098471231798,3.696014098041192
2023-07-14 02:06:50,8.249600681419297,116.91810493488322,25.58924977661022,6.611790888909917
2024-03-01 02:06:50,6.072238740524867,125.70658005248073,22.22624181632329,8.427214732526943
2024-08-16 02:06:50,18.219969277903637,124.83963888985689,27.809826475660284,6.734159931641837
2025-07-04 02:06:50,19.290423971676056,121.55727450934302,25.508417257708754,4.519192589170265
2025-03-14 02:06:50,17.79404187624721,126.63839276785087,7.190103278541728,5.983198319864208
2025-07-11 02:06:50,16.95225719559805,120.5953707720261,46.435111143085216,4.6262654334732165
2024-12-21 02:06:50,14.483871690224348,126.82521350940148,73.54061400383034,4.581635323115053
2024-03-18 02:06:50,12.813717929746229,123.3471199868399,61.066440747026206,6.09617624852438
2023-02-19 02:06:50,5.391788158582562,122.98138400579336,67.6142951912099,3.111744882852015
2023-07-05 02:06:50,10.53525140913118,117.82550384825363,9.033768675087677,5.136245316637135
2025-11-30 02:06:50,9.963016272197024,125.70120534135108,95.19758030750194,5.884384863910832
2023-06-19 02:06:50,8.15606054016522,120.70238656712677,84.01069155045946,5.753102352963943
2025-03-23 02:06:50,15.574721819017359,117.78456746360727,80.70394153107061,4.330265988693645
2024-09-05 02:06:50,11.934011761260333,116.13868271973335,82.47539669913498,6.715810444346122
2023-01-06 02:06:50,5.296739454522367,122.1573125200222,93.33834030514338,5.635703094886169
2023-02-21 02:06:50,7.522931231196981,121.80139584334944,54.88114264525607,7.415022990769758
2025-11-23 02:06:50,14.932140218553535,123.91288984606075,20.827919768894965,6.841891404670964
2023-09-08 02:06:50,5.218093751844803,125.79283858319582,62.061577177401574,4.669072884450813
2025-05-08 02:06:50,17.619310624780297,116.87347243107332,74.54526787312597,7.450599979816052
2024-10-24 02:06:50,11.92234443222359,124.04646139374398,74.05382194204851,3.480680259765529
2025-07-03 02:06:50,11.689385237226368,118.06153138507341,52.62345339252113,5.738830644799341
2025-10-09 02:06:50,13.478524554552282,125.4399475847288,7.777413214024228,6.170381928058626
2024-03-14 02:06:50,17.194895454802385,125.00969865247822,37.74018090458266,5.762400623255488
2024-04-24 02:06:50,8.49354706756558,123.23197604652768,92.15589423787237,4.261805984683551
2025-08-20 02:06:50,8.624211024295027,123.3092854437384,58.860442065985175,5.702922637428232
2025-03-23 02:06:50,8.67267278098662,123.23626783450013,54.29486238231563,3.9042267936078154
2024-07-10 02:06:50,8.601930652109376,123.12623325358031,27.61649792383716,8.137625472867747
2025-08-25 02:06:50,8.659717597011754,123.25339819910874,37.476443071741315,5.71991944107556
2025-07-02 02:06:50,16.758816345710848,121.05191716890535,89.63926282616376,6.6169766258122635
2023-06-02 02:06:50,14.535229354534808,119.93578091857987,66.97984170515673,3.655711413552894
2023-07-08 02:06:50,17.60930766550787,121.4363369197533,78.95131564848096,4.55613933750126
2024-12-29 02:06:50,17.876707215356838,125.1107417768094,45.98019688369786,6.905029382553769
2023-09-02 02:06:50,15.333807627440557,119.6872885210796,63.394474726159636,8.10374539348399
2023-04-20 02:06:50,17.392213253818753,117.91137752449318,25.589977265577545,4.133651027325084
2025-06-24 02:06:50,15.159543386708538,123.83215422363858,70.84062219806515,6.605331575994755
2023-09-23 02:06:50,14.882252348164807,125.0857603397889,43.33253203663039,4.884368603124895
2024-10-30 02:06:50,13.897782051442949,117.10701226375886,44.81200596665981,3.4402424688621354
2023-09-08 02:06:50,16.04346623292226,118.63861524031539,65.28291013311129,4.512376044305607
2024-10-27 02:06:50,6.537681684689179,117.56169188737093,93.69178152542374,8.222177850178317
2024-03-02 02:06:50,18.093932147182855,119.82735552740384,7.336628314253471,8.621523399728929
2023-01-10 02:06:50,17.949496443923714,120.95386076795954,82.64958049735375,6.088926999935555
2024-01-14 02:06:50,4.467956528552946,124.23708970659638,29.94592793080712,5.822222260596442
2024-08-29 02:06:50,17.213068009036203,123.16262343369841,44.948025996131406,4.855728485665706
2023-04-22 02:06:50,6.061917879575123,122.83021424226274,3.1694195487258865,3.1978943048856054
2024-08-19 02:06:50,9.36190166814627,119.8761244127062,30.80356170559699,6.353696471077506
2023-01-21 02:06:50,15.896132100665724,125.25592308393236,50.76049302038292,4.214472853491441
2023-11-13 02:06:50,6.572158336772931,121.18415884137981,6.561431657396462,8.735446305610186
2025-10-25 02:06:50,17.087472385904995,126.7701543181667,49.61847720893335,3.851020327862142
2025-04-16 02:06:50,17.31414684732387,122.97556352125311,92.7839522569843,8.429919983824073
2024-05-18 02:06:50,12.11948374017338,117.38891215720953,11.433928592672716,3.421999447525216
2024-09-20 02:06:50,4.102173947469337,123.43795318282977,76.67963207947493,7.864232473603859
2025-11-05 02:06:50,8.592610130798604,119.57614416974869,41.55743428422327,3.684382351474787
2025-04-20 02:06:50,13.870830694011875,123.54959916354707,65.86219773790947,8.633695938081946
2023-09-26 02:06:50,19.698978848438777,116.76605262978646,26.763423200537705,4.475726887978372
2025-02-21 02:06:50,14.109016432266694,117.92369580893555,16.78973399159447,6.889652346413959
2023-07-07 02:06:50,8.156857297026557,125.41310984796365,16.88579881285142,8.933181540446633
2023-04-17 02:06:50,14.144091249593782,118.49897512725866,7.978702618671321,5.0259429235515185
2024-09-05 02:06:50,12.639766075453688,125.20745237767234,19.37902378522306,7.904430200203436
2023-02-16 02:06:50,16.4775263224183,119.07203697299852,66.75771911390785,7.285571273335769
2023-09-08 02:06:50,5.7116902212313345,123.07170101064578,88.2873705725073,3.593958288666342
2024-02-12 02:06:50,16.17644644003245,123.63565630860813,81.59844287352502,5.496638744667665
2024-06-03 02:06:50,12.660265258817764,121.63920228459558,68.82829667757393,5.08415399477148
2022-12-25 02:06:50,19.407872061743916,119.35841744366404,11.932754477699165,5.626329183951831
2025-11-15 02:06:50,9.469954656618977,118.33908814008205,29.629557183299035,4.86548644203123
2025-06-27 02:06:50,14.12195029014317,116.36508290018669,31.670880656924428,4.140836193484162
2024-08-12 02:06:50,18.91244968816028,119.34341041364796,25.7457376933645,5.382149113489209
2022-12-28 02:06:50,5.640155647850868,123.18479069584411,51.98556031126259,6.798274290369512
2024-07-02 02:06:50,18.995655795783218,126.32135300293331,54.01982767308758,3.108761788627457
2025-08-25 02:06:50,15.006171556813014,125.58324930489357,36.33171154193991,7.786516545405143
2023-01-06 02:06:50,5.0853929456827505,124.42671254188832,36.02512671490717,5.87523266828015
2025-02-25 02:06:50,8.81541707114906,124.67292077578628,83.02700419270205,7.778869360155347
2024-07-23 02:06:50,15.330753418324505,123.31483393823595,79.13999198364887,4.742986689480953
2025-02-03 02:06:50,5.077609623500347,118.86315543322603,31.47178733639382,4.547592153005532
2025-06-04 02:06:50,12.725400935897579,123.6352857356346,91.46505594345267,4.2609888489576
2024-04-04 02:06:50,12.819175213236038,123.81426674139378,95.3286866832481,6.654612968072986
2024-01-02 02:06:50,12.649581469534692,123.62910605028445,33.34751166097404,3.36435751657779
2023-03-15 02:06:50,12.793531095645834,123.52516221389118,36.08806993051243,4.342333309401386
2025-05-25 02:06:50,12.856367958696543,123.71471850974336,51.05778118877392,5.907674406018942
2025-03-24 02:06:50,12.797366728671117,123.82695437948868,94.17096044083368,3.5829519369994904
2023-03-27 02:06:50,12.81077130046626,123.74343546618498,87.75562388108884,5.686736434291361
2023-05-19 02:06:50,15.994429307886795,122.01313042206567,11.15422829577539,8.903404812781075
2025-07-27 02:06:50,6.0813798420901115,120.18440603867451,39.88034358387021,8.560426586157682
2025-11-14 02:06:50,16.132211134864363,126.74480361361725,55.78374778522741,5.297817623659524
2024-05-15 02:06:50,4.393390663340824,117.21792652658947,50.81011478260246,7.977744025459584
2024-05-11 02:06:50,4.353976824463956,120.6480327114314,20.192443725752376,6.548691749863989
2024-01-16 02:06:50,9.17776350639266,116.46227142688547,86.02286034564732,5.905393791347159
2024-03-16 02:06:50,11.818291046474652,124.13894532843624,68.0171375166869,6.9804602357864365
2023-08-01 02:06:50,16.326518684924693,126.09884207419066,83.95292911032855,4.859417739701435
2023-04-15 02:06:50,14.932726025704083,119.08041062505538,86.01766365559774,5.001649623510787
2025-06-30 02:06:50,11.134443302027973,125.44175844479032,75.08722951290824,6.478743654420651
2024-07-30 02:06:50,8.378026660506654,119.21440053508087,44.48184952372202,5.500361491933411
2023-10-09 02:06:50,19.95399200252338,126.01847177808307,61.44412874652703,8.455642632245052
2025-03-31 02:06:50,10.818900835775567,124.29358093956462,16.876175205854572,7.368140028339022
2023-01-04 02:06:50,11.222192389274808,124.85397454525582,67.69089633001586,7.3513500452033265
2023-11-04 02:06:50,6.617981139066707,116.198072111605,18.746072318188794,6.748032802971082
2024-06-12 02:06:50,16.71695277999887,126.59091392781428,69.70100946050552,5.881036534069175
2023-05-26 02:06:50,15.098915612503818,123.99338091277356,23.730217914642896,7.27975222689576
2024-10-20 02:06:50,7.532313804620166,119.35226204924747,12.637578714871777,8.148199602683746
2024-06-25 02:06:50,5.318096729853483,125.12334131344731,17.363164524152786,6.315022215303815
2023-08-27 02:06:50,14.88798883319541,119.09673318256424,1.1972213866879566,4.222782296611692
2023-06-13 02:06:50,14.472179428498164,125.60029223522741,72.15522216749949,5.543244712784666
2025-10-27 02:06:50,8.37215243197135,117.2383842945313,73.50770385677953,3.6039021558169413
2024-01-17 02:06:50,19.213816996006564,123.74054575206875,51.97840164141269,8.923401720017857
2025-11-12 02:06:50,6.416926268494404,121.94768324309402,16.974917304482986,7.2908102945976765
2025-01-15 02:06:50,10.91735681668163,117.06187917214984,9.271879413558285,4.208621493802416
2024-07-08 02:06:50,19.097854722681582,118.66083211084722,2.893767677291414,4.456490699120271
2024-10-28 02:06:50,10.715637070817957,116.13644439905046,17.40906951955685,7.6394416986797085
2024-02-17 02:06:50,14.216415162625369,121.15644762010956,89.19469796333152,4.384133854296497
2023-04-05 02:06:50,10.361510367404708,119.31391786836001,24.912147328466496,3.569093842280803
2024-08-18 02:06:50,8.38744323757872,122.58193232727535,36.07286139450435,3.8621736656974384
2023-08-21 02:06:50,19.743642367357253,119.26961588479479,11.429202963651985,4.9760908843175065
2023-12-06 02:06:50,10.549344101040688,119.29911022657683,23.01376917006886,4.719813206351972
2023-08-01 02:06:50,18.30558725886615,124.17512518604764,52.403232507240304,4.838161619814901
2025-10-12 02:06:50,7.679273694257379,116.52957119576189,61.1675156264696,7.162142474877806
2024-05-06 02:06:50,7.409675264401333,125.93184494711186,25.289879102454893,4.557758709112178
2025-07-05 02:06:50,4.498145326152182,125.374902618303,6.715483763286604,6.4123635527476495
2025-01-22 02:06:50,14.42666920601416,123.34585151549047,39.71225404361247,3.883858472714366
2024-05-11 02:06:50,9.896421499580178,122.52543727118123,24.18613372170708,8.717654743652698
2025-01-31 02:06:50,17.829731997434195,125.81532747953618,22.735838399750392,3.9718725324752313
2024-01-20 02:06:50,11.571358507064915,118.03863197481586,96.02641746863208,5.5567816968784065
2023-08-17 02:06:50,19.491094846635548,116.86866078409912,62.01374810664668,5.258603140750317
2022-12-20 02:06:50,6.968408251249938,118.63461186900491,56.13096587403749,6.219397674815869
2023-03-05 02:06:50,17.89797068728977,124.74036106570209,42.16173524880887,7.438950918395485
2024-09-14 02:06:50,17.513100244978272,123.69406460110503,43.46548900958428,4.762053794839634
2024-03-29 02:06:50,17.60220702126962,123.71900796576192,54.54959537997,7.520824069255959
2023-03-15 02:06:50,17.628152911191357,123.57687876888149,69.94655089657462,8.457637073458969
2025-03-13 02:06:50,17.644539742238173,123.58020991881601,70.51246352200111,5.12587261141476
2022-12-21 02:06:50,17.639362663957087,123.5887037787765,17.997696862839508,8.736196319734125
2023-03-04 02:06:50,17.673180524008554,123.69975523629401,50.51116245558607,6.2153594027615835
2025-11-27 02:06:50,17.71396389745047,123.7495019517973,41.783851408376094,4.907165764695478
2023-10-20 02:06:50,17.668843358051394,123.6053678355757,87.18216966066903,5.680598290029357
2023-07-09 02:06:50,17.674938498837218,123.73691007766757,63.510473200619266,8.76250136336378
2023-03-16 02:06:50,17.471357629811646,123.65846182722133,53.7179025751822,6.307651354871088
2023-07-02 02:06:50,17.634602716402863,123.63368526858862,12.42406957571282,6.305361679032738
2025-10-16 02:06:50,5.876931023398312,123.36120289231886,60.958151043017736,6.532503176971749
2023-07-19 02:06:50,6.002972675240807,125.12215479248431,12.60318666234311,7.789856350183802
2023-09-01 02:06:50,14.969044595663542,125.66876790310494,34.38345098100945,6.267220274075161
2023-05-11 02:06:50,10.884894318391403,122.28949587253155,15.141354516618854,6.872484259310063
2024-02-15 02:06:50,7.2083956272053875,121.69190986930545,69.51529105541252,5.6434916230031575
2025-03-08 02:06:50,11.86551274786299,120.7347015135309,21.41895926977911,5.88051882298943
2024-11-27 02:06:50,5.027342993202145,119.48641246570232,39.794077945614575,7.96887836649994
2024-03-06 02:06:50,13.31154243063038,120.78055556944582,89.67180298425909,4.3364981994992995
2024-02-14 02:06:50,8.303894470961563,124.51267621303172,21.22732195649806,5.546558731295533
2025-08-04 02:06:50,16.76094561019501,122.62115774116644,51.27270133191913,5.022534861655935
2023-08-24 02:06:50,8.96579134277718,125.81775618950331,42.50789445543618,3.676204041032773
2022-12-16 02:06:50,11.28352238530882,120.87718015817106,2.7942800635272436,3.7736627595285492
2023-11-22 02:06:50,4.18592863852961,122.6779853659063,79.48305324370847,5.529603081641848
2025-08-07 02:06:50,5.159150204712942,122.94438308401187,7.835544725145373,8.127662008342734
2023-10-03 02:06:50,10.279896902506957,122.50866878536958,47.95124707671841,5.939511599176402
2023-02-23 02:06:50,11.679021355473976,123.72897150394068,56.507151198956045,4.562282957749151
2022-12-16 02:06:50,13.60032876990886,118.61176815212286,63.21421920484412,7.700373048663922
2024-03-08 02:06:50,8.666601259348852,121.6360015530037,69.17453130147969,4.830929946485705
2024-07-07 02:06:50,15.11971017802468,117.14647283089182,26.073965968748794,4.025380898541478
2023-09-22 02:06:50,17.761958355027275,120.22962460409293,1.987898889186488,7.166515316101265
2024-05-21 02:06:50,16.477615822293597,121.36433775483391,72.62092257313628,5.666873445259531
2024-08-01 02:06:50,4.633901205573714,123.17446685500019,54.03000333541028,8.449115818317637
2023-06-19 02:06:50,11.688111156125263,126.45584157844824,83.77565261751762,5.494677962155961
2023-12-29 02:06:50,5.678882854690798,122.60716173203191,82.31744792716873,5.541005066711154
2024-04-30 02:06:50,7.8727202538004395,124.17953307794215,84.48929061100043,3.6436649829239203
2023-10-04 02:06:50,19.786601492274343,121.56892665444722,49.02437133797447,4.789235229457923
2023-07-25 02:06:50,6.279928686424212,122.97514434513964,34.0292111878497,6.546586288234588
2025-03-30 02:06:50,11.982210455221697,116.78025437747151,79.36426205654563,7.060409896452028
2025-07-01 02:06:50,13.890491749089906,118.79830738926032,45.67811718989624,5.800656212898163
2023-03-11 02:06:50,15.239439528705663,119.98038402525653,19.160777443940017,4.98208376037717
2024-01-05 02:06:50,12.954378935790626,121.19742690507165,85.64242793658596,5.566224894363954
2022-12-05 02:06:50,4.1563335587069385,116.50213620052622,88.37342780046238,3.976529179606928
2022-12-27 02:06:50,9.22338093190387,117.54026507308649,47.16466585787684,7.623024598027972
2023-02-27 02:06:50,12.283386294155383,119.04495738570436,8.494273003668958,7.412295693357838
2025-08-30 02:06:50,5.405863986317334,126.68685959991156,39.394782901776196,5.299404971431602
2023-04-19 02:06:50,9.610030899346892,119.64481707813356,80.55022828679773,4.720177061834322
2023-02-24 02:06:50,4.531249740661865,121.30245163923291,90.27562882607664,8.565847228515144
2024-09-05 02:06:50,5.257255954480332,118.15707484012232,21.143801507261987,4.501363879985836
2023-06-04 02:06:50,10.350772419225537,122.71858078183345,7.630387590501881,5.1107836520929375
2025-04-28 02:06:50,14.672015740653219,125.31185198062269,87.85769486015103,7.885309696520866
2024-08-15 02:06:50,14.776768729205592,125.13014973300893,39.55108895890866,6.012258938346941
2024-09-26 02:06:50,14.838525573322963,125.22678068050112,54.634335462488764,3.488466699994438
2024-12-26 02:06:50,14.698873025354203,125.24208239450432,96.83851539302513,6.101128662487518
2024-05-30 02:06:50,14.738801138777887,125.39251003697811,7.589908063508062,4.560995915010808
2024-12-10 02:06:50,14.717493544225785,125.29389606942738,65.18348273775746,3.634270179867933
2025-11-09 02:06:50,14.48381026811435,125.49867322988207,8.33643683491184,4.62633231590622
2024-06-28 02:06:50,14.578365072448989,125.47639701285512,38.171423918183535,3.9539995973276323
2023-09-22 02:06:50,14.76928059275149,125.49700302369112,80.57763997415123,4.261191768954007
2023-11-01 02:06:50,14.779002680826974,125.23798187970472,43.9137510428078,5.984092474604913
2024-09-16 02:06:50,14.776714966147013,125.37872230028319,99.72105303639209,3.7111921033208306
2023-10-25 02:06:50,4.831540538423559,121.63934498552058,56.34686920971362,7.738315723155392
2023-02-20 02:06:50,12.660741364817127,119.22837705528934,32.795053110959394,4.960644886762805
2024-07-04 02:06:50,15.344968311214663,126.24929091376097,22.79102126457056,4.345954130290411
2023-01-27 02:06:50,17.935505979937368,120.3671654536091,35.70153289433002,4.943200891813801
2023-10-02 02:06:50,15.425390914118845,116.9580204347535,37.88079410219553,3.961621681387983
2024-12-31 02:06:50,16.827649329116667,122.78773167729581,7.802654094672136,3.9593949920969305
2025-03-19 02:06:50,9.431203080684897,117.25222232824261,37.58784574325054,4.826428607782548
2024-07-23 02:06:50,17.037201819944194,119.79745457081862,46.95961345418327,6.101622770364995
2023-06-20 02:06:50,5.281837542154802,121.5815313258959,72.55103747164166,6.561723527158001
2025-06-25 02:06:50,18.317066496968444,125.61644777153694,66.01621898743919,4.699089025070309
2023-08-03 02:06:50,12.76147801845978,121.42901238374131,71.16779986768627,5.127280219212778
2024-01-12 02:06:50,17.0767643193999,123.72484642634831,1.8280045058088528,5.951447365728716
2024-11-17 02:06:50,11.237092552292802,126.92098522898978,22.549072558473068,7.970533484685243
2023-04-20 02:06:50,14.2972431231444,117.4463803188778,66.5067445515858,5.6352845098175965
2024-01-11 02:06:50,12.422442574977811,119.02204678071472,48.914947449794965,4.455202952854771
2022-12-31 02:06:50,15.70543234808531,120.3403368315741,1.5260340911662487,4.141213737249119
2025-02-20 02:06:50,5.306079712489433,120.64010996392715,80.64496960075041,7.776176814984318
2024-10-31 02:06:50,4.965633343849021,120.521231827921,77.50814775574341,3.1897142298193035
2025-11-20 02:06:50,7.953651744162343,125.9837210281221,55.2934971363627,4.633221584829286
2024-07-21 02:06:50,6.5527148818110135,123.85435908913541,7.57986925185094,4.133084109940649
2023-11-09 02:06:50,17.94853706547523,122.68695735499774,76.88498990372588,7.36415807191308
2025-10-28 02:06:50,7.507423797728709,119.4030998964906,58.78764518540503,8.958803309659118
2023-12-06 02:06:50,19.613844093106103,125.06169422643424,78.41403773863796,5.096606518383132
2023-08-06 02:06:50,9.39033266833771,126.50566562633487,75.4229522471882,4.32051148842016
2025-09-03 02:06:50,6.9138866510191885,125.03318110805249,80.49720512382588,5.249103680896145
2023-10-18 02:06:50,16.635176114279666,116.0172161571062,52.28279857405786,6.385974834710822
2024-04-06 02:06:50,14.539324408014018,123.00041507201747,14.892127301157984,6.741957858866142
2023-04-07 02:06:50,11.971131463250224,116.56248919586311,67.44458986458918,5.249122568201283
2023-02-14 02:06:50,12.8858168150021,118.83367942367094,62.42690472014509,8.555818813497073
2024-10-10 02:06:50,15.507228452356221,116.65477170382549,74.48306553270963,4.557010967633632
2025-08-09 02:06:50,7.65527586130078,122.64174998244326,17.818219599022797,4.833330439252204
2024-03-25 02:06:50,19.94134265690787,123.55248904841868,20.302544790128632,4.9122765233947625
2023-08-29 02:06:50,19.59669059434853,117.25936401872495,89.15054220471352,6.080117994088754
2024-10-15 02:06:50,14.40521098155099,120.22222771349477,75.24780204675501,7.567810495140045
2023-12-04 02:06:50,7.192679214866322,121.01860159851097,90.91462038133197,3.7771236011577263
2023-02-15 02:06:50,14.883651878900661,120.05958323937008,76.11281679522816,3.909680049873324
2023-11-02 02:06:50,5.1551745436668135,117.33127500533712,60.11837529303988,6.121728133118339
2024-01-26 02:06:50,4.490440035292897,120.60842569206223,65.7591409657595,3.933184378605742
2024-09-01 02:06:50,8.122926216179419,124.2629585258926,89.02366447006098,4.999173824271865
2023-05-27 02:06:50,9.119138790465211,123.85581720747366,58.301868696682114,4.902236142017106
2025-05-24 02:06:50,9.322271249467766,123.69051077379126,63.606741108510356,8.562928331692934
2023-11-24 02:06:50,8.967383152717526,123.91320532494017,16.491194884356457,7.764726662123255
2023-03-30 02:06:50,9.212896633503643,124.07989076586408,47.91820079149417,4.669966357816254
2023-02-27 02:06:50,9.189541734570527,123.84698268591379,71.92331408385179,6.682334840577046
2025-08-28 02:06:50,9.088143668870224,123.78376665849198,27.823327133320177,4.9171984257454815
2024-02-08 02:06:50,9.027455632692075,123.97957458456436,21.023163871928958,7.394274376957429
2025-10-26 02:06:50,9.266066233903654,123.9980161277633,32.06885401421714,3.907737257717093
2025-02-26 02:06:50,9.184798252504718,123.87741753185054,24.908562171290512,8.44409730661046
2025-04-29 02:06:50,9.19233384510167,123.90113168144869,22.27635106660319,4.503053512232721
2023-07-19 02:06:50,9.104714264075678,123.96239843964052,43.06023344394061,3.663972994092069
2023-07-13 02:06:50,11.017846707033447,122.738308151793,90.87601287446988,4.598814269709624
2025-10-01 02:06:50,15.604122566642184,125.6106845281298,51.19890502713311,5.022758903660075
2024-04-15 02:06:50,11.786703062795246,123.96370361012703,19.60411770071698,3.956544861424617
2023-12-04 02:06:50,17.974771809306567,117.32614258044059,8.620195268706533,5.412986940122517
2024-10-31 02:06:50,18.411229824180136,125.92698638014426,69.9194583686546,7.0154915859467595
2024-01-03 02:06:50,10.747534829975287,116.73088228791353,38.8970776792024,4.240089435862256
2023-01-24 02:06:50,8.429244755760825,121.87364219802541,82.36126371195057,7.8862546906458295
2025-06-08 02:06:50,13.477605257493796,117.56350836172804,66.29156609543625,7.752380937539244
2024-11-01 02:06:50,18.597813529867054,116.12877271803994,79.82790360359549,5.052829247405366
2024-09-13 02:06:50,7.370595024090665,120.64237686140403,27.922657902426426,6.8400998785296565
2025-09-17 02:06:50,13.967465337015724,119.24544778419572,69.54353332364475,6.313334529327391
2025-03-12 02:06:50,14.104963521480329,121.34600543177363,27.142136484678158,5.2459079746456245
2024-09-03 02:06:50,15.729808358644496,122.34919875408006,93.96777946557887,5.062887865855837
2023-12-15 02:06:50,6.105082962036157,116.48112979539842,64.00105387180406,3.46016652669812
2023-11-28 02:06:50,15.453199434913417,117.3530362463612,33.12666821735887,5.232972480541742
2023-08-04 02:06:50,18.544520330650258,122.14506636095467,27.681674366934992,7.354766121234857
2025-07-11 02:06:50,6.8749297419238715,119.77484088489923,19.901731922092708,4.542411035261747
2023-07-01 02:06:50,7.800693198782042,124.02090836304393,69.76945493047906,7.73468103055456
2022-12-05 02:06:50,19.542321504666234,123.17520813451134,22.6528456867948,6.352704711133224
2024-11-01 02:06:50,6.895631243351836,125.30164799288897,59.935023326821415,8.457343020792685
2023-01-18 02:06:50,17.670161493913266,123.61742109336147,27.198867665610376,5.099381989287413
2023-04-29 02:06:50,11.876445703168557,120.72924185129163,66.53492553459299,5.822075383459657
2023-06-25 02:06:50,7.955697190450833,123.40263284633876,81.67903312551339,6.777810015443143
2024-05-12 02:06:50,17.93199842036018,119.0291929168096,78.02449907132066,4.909558398757737
2023-01-04 02:06:50,11.124884080042648,119.36944848656034,76.3242817621474,8.272321895280708
2025-08-15 02:06:50,12.237077662875043,124.67883675912873,19.584518163532955,4.572844044667148
2023-01-01 02:06:50,9.747733910396251,120.91061468041741,9.750109751467352,8.051893153802919
2023-05-12 02:06:50,13.487213622958839,124.78218374570187,70.19593402025117,3.8828225710157374
2024-10-30 02:06:50,6.616381961360364,125.04664611035106,37.46637416564078,6.568848852857345
2024-03-08 02:06:50,10.257304586428171,125.43318571427412,43.80227641393138,4.434817392096745
2023-11-30 02:06:50,19.5105971573646,126.08298759425328,4.083760186545716,4.096156202395549
2025-04-11 02:06:50,8.13013492321804,120.74083742564626,26.69806847822987,4.1489589789655215
2024-02-13 02:06:50,14.507786632660675,119.50753500153253,4.333963983571938,3.091216438817095
2023-11-12 02:06:50,9.203041027595118,122.40418621253525,88.03939148752352,4.005834281214883
2024-04-23 02:06:50,16.375570010985612,120.0828966578139,25.096271638634516,7.527743404203443
2023-02-03 02:06:50,6.093978571493597,122.61181583480256,56.1763797877278,7.259178462362491
2023-04-23 02:06:50,19.517136721256716,123.76144448908207,4.85895274545191,3.8334648637048927
2024-07-28 02:06:50,11.260632662138228,123.57245520341351,67.01789173926015,6.53465716710413
2023-06-03 02:06:50,7.776807413543423,120.12008175722133,32.97970722965529,4.348060625517615
2025-06-15 02:06:50,13.800333431634622,123.0665241041014,89.89399950880892,3.350779068137855
2023-05-01 02:06:50,13.556981985028704,123.1661615265069,88.92370070446955,7.574837759713015
2023-09-29 02:06:50,14.02210963090138,123.22510595086186,33.20377121781303,8.00410215061078
2024-03-08 02:06:50,13.891231747822289,123.0087711771554,90.19512867335632,4.579583688882955
2025-11-03 02:06:50,13.758751219802264,123.31906718627963,99.6196096763791,8.501303167845393
2024-12-28 02:06:50,13.83304825580435,123.26510222969982,82.71615074827086,5.334807674602937
2024-07-20 02:06:50,13.84021014075366,123.16416540047331,84.64226342776767,5.692522786404792
2024-07-09 02:06:50,13.756336299463957,123.1825478181186,25.6518648747999,5.230867837091031
2025-04-29 02:06:50,13.830066215566697,123.32626794135106,58.093537486917874,3.814327667015764
2022-12-04 02:06:50,13.851369715963566,123.121337457705,7.6583354827694174,5.043777044273132
2024-09-13 02:06:50,14.017441404633837,123.33029978743492,10.396875745345302,3.852160182381664
2023-07-10 02:06:50,13.912233500726108,123.17567737881006,99.89036859129577,6.649604536531049
2025-06-18 02:06:50,13.989820692521763,123.27648085774638,33.337285693165185,6.929589533257111
2025-09-02 02:06:50,14.620872441948881,123.44832703708511,75.07020729283579,3.34233984251224
2023-12-19 02:06:50,11.594094011997022,122.66357174397959,80.85984024965482,6.821954695633429
2025-10-24 02:06:50,17.506727183507152,120.01053101017294,85.9443038297157,5.340972022136754
2025-06-12 02:06:50,16.89072244720085,118.39681809680489,99.76520144281349,3.4480002202874775
2024-02-18 02:06:50,13.365669830348034,126.86839562771151,24.908152040429915,5.89336048381004
2023-11-09 02:06:50,17.892340488212138,120.99401783315726,4.994731859110271,4.854413166716372
2022-12-16 02:06:50,7.293459360588292,123.57101659358261,41.70796028146401,4.368437360721277
2024-08-13 02:06:50,5.790713910363646,117.54608264336197,13.877986313065747,3.8686718463772922
2024-09-02 02:06:50,8.315993784271834,121.34148669625337,3.220163027043457,6.233128793018265
2023-08-26 02:06:50,4.913389697429038,116.30290391856413,36.68225588700712,5.652060047485806
2023-06-21 02:06:50,12.498712448016512,121.56000629701495,78.59008685644841,5.748045013329783
2023-02-11 02:06:50,18.985691076719384,126.60419147829472,57.051888431282016,8.344457484145106
2024-11-10 02:06:50,4.629496650696154,120.2262738428438,31.96502093182505,8.617598889002302
2024-12-19 02:06:50,5.953758624160429,116.42895613832403,65.77985854377926,3.2573030410656294
2025-05-26 02:06:50,11.235184452534964,116.34051370011278,23.96979985057226,6.255200982691463
2024-07-15 02:06:50,18.94200028044648,120.26785435941557,2.423763161136417,4.619407641137077
2023-08-31 02:06:50,9.058497679628008,117.76027430109514,76.67098525720631,6.615630531131954
2023-05-18 02:06:50,12.115756939014279,116.25687305961004,62.7505654015369,4.297811850438013
2023-05-13 02:06:50,4.6651657448062736,124.31834975345194,76.46795982559503,7.723536623845131
2025-07-21 02:06:50,6.373491215393422,121.0437530977008,4.854863652078896,6.725469874497377
2025-10-05 02:06:50,19.786081967341552,119.1816924916992,83.87484315523457,5.141642265050198
2024-01-17 02:06:50,19.44189914297673,125.90091501318129,62.33309380359403,8.562609379789507
2024-01-30 02:06:50,4.079039694950554,117.27752856220579,56.77613972055137,4.178437668897303
2025-06-12 02:06:50,19.228988566771825,126.51510711850851,62.83679076333863,6.843090963956003
2023-09-09 02:06:50,14.225919005048006,119.45363389115089,86.57889143996805,5.076587490409943
2025-09-13 02:06:50,17.886692712320354,125.77244039539549,59.1067141493318,5.300079690810169
2023-06-30 02:06:50,11.275837690141746,122.63237164127408,58.514087608929756,8.048509441075474
2025-05-13 02:06:50,12.249536457268004,125.09378095715635,99.07723654951081,6.303642442718992
2023-10-30 02:06:50,11.821545284110723,126.8241447953151,75.91628653978823,4.297652686567631
2025-10-16 02:06:50,14.66982812073767,119.17245981600621,44.78708673966239,5.262520133528928
2024-02-15 02:06:50,6.2344200761010065,126.57249033948352,71.03230300325984,4.3552098302047675
2024-08-18 02:06:50,4.479577437962847,120.28430084392663,39.53381669748706,4.495158780890597
2023-04-06 02:06:50,8.926879065459055,120.24063095210614,23.6586707858664,5.7359746610628335
2023-01-31 02:06:50,15.274892203786347,119.74425814679957,60.088335811888186,4.408514894291452
2023-11-27 02:06:50,7.229655233967174,121.95548368082343,92.8900277132812,8.543875745523458
2023-10-10 02:06:50,14.774918933198677,117.69559547496335,92.98481248153081,5.1105247017005135
2023-04-09 02:06:50,19.518592737716325,122.09082633893813,34.84862253244354,5.383533557995717
2024-12-09 02:06:50,17.487310840548584,120.3192487728261,53.2400691559478,4.576087983714409
2023-04-05 02:06:50,17.49662585694533,120.36196966878283,21.951953958416258,3.7897338012500636
2024-02-03 02:06:50,17.562417473513634,120.36915115491735,99.56747984038947,3.8957656973712473
2024-11-24 02:06:50,17.468434948327094,120.26752859291425,98.13067287892564,5.945102635578774
2023-02-04 02:06:50,17.394391156978056,120.33405879645197,65.30138404103728,4.919338288785115
2024-01-26 02:06:50,17.553721697930822,120.30244400043185,80.63699190806986,6.08354780052167
2025-09-03 02:06:50,17.54407752270125,120.37457913492369,71.7949159670863,8.029024095447031
2024-01-04 02:06:50,17.57584011656466,120.34195728627954,59.72266368490735,4.33778975022147
2024-06-10 02:06:50,17.477303956452822,120.25312654402582,6.281451701900872,8.341454650885202
2023-12-01 02:06:50,17.418652217658703,120.61808605916944,46.02166991271345,4.0597742904451275
2023-07-17 02:06:50,17.322755720488303,120.54108110921541,67.80384391457365,3.864187014394709
2025-10-22 02:06:50,17.560571746804627,120.3379250939605,68.07562977448478,7.602081197961356
2023-11-23 02:06:50,17.521023368235085,120.44306917577785,37.93913922381598,5.441586250557391
2024-07-18 02:06:50,4.48619295514939,122.38514361093065,94.22750667914502,4.285229412037627
2023-04-18 02:06:50,18.895179128111643,117.53116371480264,17.568346191441318,3.794361613960702
2023-05-18 02:06:50,15.032428016504978,120.88448124122424,50.5355851753405,4.085244081821402
2024-08-28 02:06:50,14.824214172435944,122.8885775356317,69.39751367853145,5.567651740891629
2023-12-01 02:06:50,7.450802438363475,121.37787614971697,70.01644478328912,7.53887889260731
2023-11-11 02:06:50,14.542167523722515,120.41956680719757,65.21525672011273,3.483736147586683
2023-05-22 02:06:50,10.301830490466536,126.93233227789668,28.253533131734155,5.748217993381964
2023-06-07 02:06:50,14.419727632663873,125.6834623836382,16.464450299975574,7.141776241237856
2024-11-07 02:06:50,5.7054884849278515,122.85746553975385,63.95809235584438,4.649545409887535
2023-07-03 02:06:50,14.525524873648576,122.26315097300511,60.330909497804335,7.555045609804785
2025-03-21 02:06:50,19.990619612330665,122.82726527807043,18.756245018634857,6.016693433667766
2023-12-24 02:06:50,4.7713926217688964,118.21443318604676,70.80877541148577,7.416975724787856
2024-09-08 02:06:50,19.634786947541077,120.3465151759075,46.06202718163198,7.289678961809535
2025-11-22 02:06:50,10.51052737156593,116.4340548617999,67.10829856871214,8.380296982471606
2023-08-31 02:06:50,17.932055205396146,121.2310064123551,83.89934089724491,5.197047670921054
2023-09-26 02:06:50,16.518167744932377,121.9732704235343,17.803114429115393,8.86682625404691
2023-07-09 02:06:50,13.072260175786685,118.50524709713531,2.895341931686831,5.324227903307852
2023-02-07 02:06:50,15.815187348021224,126.60431731882065,78.13115605318289,5.053446333200249
2023-02-20 02:06:50,18.056248980821564,126.00400072030966,61.360045090108976,4.979355829502831
2024-11-23 02:06:50,10.466245146416528,123.94357559001496,70.26431739259004,4.86305547751974
2022-12-09 02:06:50,9.23253058501182,121.86725291641899,83.9773425238756,4.859761570540121
2025-07-09 02:06:50,14.681494169017355,125.56966075612453,80.47828254762555,5.597426467511054
2025-04-22 02:06:50,16.92553507106014,117.43717578205809,96.13109454595364,5.657142379728689
2025-06-08 02:06:50,16.196562156425852,124.69560773702374,54.0575728063597,5.628698245623455
2023-08-02 02:06:50,16.76501838173815,117.37302895363533,49.361067633330634,5.1217083939426065
2025-09-30 02:06:50,10.969333037006928,124.73631728804347,40.78683278918228,7.2803161885815895
2023-08-28 02:06:50,17.085347458800346,119.03344325076493,16.21541324157625,5.837616999357521
2023-09-29 02:06:50,5.923344885929735,125.64799639120008,57.68811605532022,6.3985208286258946
2024-01-13 02:06:50,12.711825567373593,126.38446303207938,28.4242399082719,4.1179012957406425
2025-08-19 02:06:50,4.092138567969945,117.63675566345627,92.20944370908457,3.8047063758749435
2024-07-09 02:06:50,9.193373278404325,121.08943165571932,58.73588962343266,6.980109909883216
2024-11-12 02:06:50,9.863384557942366,126.79086115978953,59.69117787030291,7.422886131003638
2024-10-23 02:06:50,10.338763065748086,121.31748179570461,36.137541426823994,4.0414955697991
2023-09-01 02:06:50,15.127475307037795,125.49902274765999,6.1469458457930415,3.928194975112839
2024-07-02 02:06:50,10.216929620325532,122.47604674344451,4.142632771925873,8.658644148986046
2024-08-13 02:06:50,11.17909796196049,120.12862898711562,42.910179271166555,4.661464103346906
2023-12-24 02:06:50,7.800706093989239,119.14361911078457,9.371972431626547,4.405807763451094
2023-10-23 02:06:50,11.361753530158921,124.59539227189114,61.07784859847377,3.923187491834557
2023-01-20 02:06:50,11.252918347587713,124.57362593604536,88.21632755832609,3.9333461488112658
2023-03-11 02:06:50,11.40891729903509,124.47326834447964,88.4085668353535,8.447069146662177
2024-01-25 02:06:50,11.407481429479938,124.50182962080675,66.245495603091,5.2291391722025775
2023-12-19 02:06:50,11.35430337442124,124.51903374333409,21.91195131582017,4.929200739972643
2025-09-10 02:06:50,11.513968212037536,124.46797714437807,86.43668630452834,3.8609290791028053
2024-09-01 02:06:50,11.415904700809158,125.52134860187007,88.7232500960076,3.4528681789584037
2025-12-01 02:06:50,10.076572482867677,126.78813277941772,20.46870491034291,8.154373352446617
2025-10-12 02:06:50,17.813338393149202,120.48342629431198,74.00518249129705,7.979591391287233
2024-01-17 02:06:50,12.305308562179489,125.10270814316934,29.365435343785173,5.773004919526809
2023-12-16 02:06:50,11.666910042075695,124.4098057412019,80.46139092294004,4.993035303257896
2024-09-09 02:06:50,4.410273052902971,122.3088184660113,99.72655209045666,5.695633316535663
2023-07-05 02:06:50,9.459965242018502,126.51651857973127,3.9725745276098885,5.631185954089773
2024-08-01 02:06:50,10.083129900573713,118.20521967081243,89.83922071330225,8.295440108841223
2025-10-29 02:06:50,10.381164494350408,117.20190631340583,62.64042282626715,6.284199590388694
2025-08-29 02:06:50,13.282757907637317,125.39358163650965,97.3648792973173,4.62951627973778
2025-07-01 02:06:50,12.537640747630055,120.83064798297123,47.03594223511633,4.290920735835147
2025-03-27 02:06:50,13.726481484695114,125.31665739627766,84.891405126566,5.433742928968953
2024-01-28 02:06:50,16.23813218467405,125.82399225714957,7.177012791229446,5.046776842149931
2024-09-20 02:06:50,17.007771819457496,116.68703352980978,34.192625957751275,6.1695570654530565
2025-08-06 02:06:50,15.48996921962391,125.71811239284666,7.6346372373697875,3.3499942009635735
2023-10-23 02:06:50,19.288379135278955,120.93150960906364,97.55897021442799,5.723878003822541
2025-03-09 02:06:50,4.291721322821786,121.61475737904655,81.88041681991183,4.073287827392259
2022-12-20 02:06:50,7.1324477709367375,122.89251762202531,85.40219470335109,4.503436324457172
2025-04-10 02:06:50,4.121005999650274,126.19020867403096,93.85855791195553,5.215604606573522
2024-11-08 02:06:50,14.359595426473648,116.2102770387274,9.42524512585875,7.058598886206837
2023-03-18 02:06:50,18.36848878319979,121.245278151496,39.174161658820005,6.500243048701065
2023-10-31 02:06:50,7.895716745220788,123.56494246673617,8.03245401535621,5.176512979437012
2024-10-27 02:06:50,18.832552716740906,123.94977653468051,21.868517053452834,3.708355211947615
2024-03-18 02:06:50,4.964278244632974,123.61785674690819,23.707211926729563,5.383371253701107
2023-10-27 02:06:50,18.95097642888823,117.47878642348934,47.44161389371029,4.050437894333054
2023-05-28 02:06:50,9.62596299583415,119.29335147208849,27.587654577910616,7.925520003847604
2023-08-02 02:06:50,5.622733255187464,119.94587077958715,10.996832574958349,5.315296587847887
2024-05-03 02:06:50,11.77394814698121,124.84880928447456,17.581617820316662,3.9097208835608486
2025-09-18 02:06:50,8.108425083528127,119.06635859656008,15.580280791657001,5.202934534181992
2024-09-23 02:06:50,8.557966431390765,118.31775460253924,97.33460299331753,7.787397746550939
2025-08-21 02:06:50,8.916639438820585,126.53192820941906,76.16995818492889,7.659373809152604
2023-10-30 02:06:50,16.848414365322615,116.09749613624815,96.80838506168664,5.03724975320195
2023-11-25 02:06:50,12.626580426804072,126.97602941250176,44.53430816428295,7.0540076702919485
2023-09-18 02:06:50,8.980923186496058,123.44503428743135,28.558479684603004,5.870386598894184
2025-08-26 02:06:50,13.765340532974694,125.11316229394029,80.03102652370949,4.847749702030323
2023-09-26 02:06:50,15.458410787571097,119.24081335980813,33.29913788607353,3.4747320304230946
2023-07-27 02:06:50,8.36198401173654,116.15746805433766,30.638953996829482,6.863064223464119
2024-09-23 02:06:50,10.616785624405624,124.11656470417682,24.01809322857529,4.256363959959127
2024-09-11 02:06:50,5.950177493391161,125.17559056700743,13.8382188441993,5.8005240527475905
2025-03-28 02:06:50,6.898389592554885,124.14523745148871,26.38984304065983,3.438581096311986
2025-06-19 02:06:50,14.897885663439725,117.57135316030923,36.176655098914885,5.645920645544482
2023-03-24 02:06:50,6.903013563130031,124.28770714482665,67.7254266064273,5.203345418279573
2023-02-16 02:06:50,12.402614138672963,124.45815060318405,7.193919379725706,6.4287198744910325
2024-06-08 02:06:50,15.344740187558923,123.2439456723706,21.840187026868954,4.929358829894349
2023-11-04 02:06:50,13.258169861095901,122.54455829959586,81.09334038887596,5.548261655222018
2025-09-12 02:06:50,13.356709714893096,122.36678913052484,15.545270434793306,7.689334868120698
2025-07-22 02:06:50,13.087763478902044,122.21849262210038,34.92186950572963,8.236205931123393
2023-09-27 02:06:50,13.363447659261766,122.6066627025006,86.60123326395586,8.019017746448403
2023-06-16 02:06:50,13.187771765962804,122.46151783908444,16.337605803200823,8.09149935955887
2025-07-17 02:06:50,13.32342625916946,122.48174063279804,9.1909467262008,5.42229337736888
2025-06-01 02:06:50,13.431460853801365,122.30724585727528,48.96926151292107,5.802472096889925
2023-10-09 02:06:50,13.377998544576792,122.43369846782045,30.939531616575103,7.718847653661634
2023-03-24 02:06:50,13.418164974138504,122.43105030785638,56.777428083901555,8.910898943746208
2025-09-24 02:06:50,13.407811651491528,122.32314432510509,80.57668415786404,4.4950435106516835
2024-06-04 02:06:50,13.24329853283576,122.38831084221515,14.577700327121573,4.1874326402426485
2025-10-10 02:06:50,13.355559824507534,122.25524603948917,58.489209370874214,3.3253960637786135
2025-05-11 02:06:50,13.123235117532566,122.37062185747986,51.04536727859653,6.2533891781913
2025-07-29 02:06:50,13.227033165332323,122.50267743649344,15.263799815306758,7.162947795425884
2025-10-20 02:06:50,7.392717438531626,126.50626728020872,62.775850067369255,4.298793102894225
2025-08-13 02:06:50,13.775695821615868,121.74834259270419,28.090401368216394,4.3473442497268096
2023-11-02 02:06:50,10.576455516907275,119.29522245749261,49.29559753585723,6.829059231394581
2023-08-07 02:06:50,17.437780845867525,116.8454828280378,9.144960103429126,8.156366520283218
2025-08-29 02:06:50,18.40036997436818,121.5068669487746,46.498821664148686,5.905061787061326
2023-06-16 02:06:50,9.65474206884349,124.73967098939823,31.33988333623921,4.301773613338714
2024-12-07 02:06:50,7.789928943591713,123.77795124993368,82.41573990735009,5.067349784981847
2023-06-16 02:06:50,16.488408243901787,116.55248612610372,6.64089397273946,4.83240282447384
2025-02-24 02:06:50,8.396896568770178,116.80192018904694,42.44212021691467,6.714076823016107
2024-02-04 02:06:50,17.161829096218852,120.431606108959,46.38471098901236,4.310272113598081
2025-08-31 02:06:50,10.779812058380205,119.24819543452737,72.77560155361276,3.779909358030814
2024-01-30 02:06:50,14.680798388663527,118.55622755361652,57.854469933930886,3.33680686189587
2025-10-02 02:06:50,5.528565021354691,119.09104948799585,67.05402138222392,4.513769716300203
2024-03-08 02:06:50,13.981749194825168,124.83831017626574,77.92787927952385,7.796587132822954
2022-12-23 02:06:50,11.228282859795666,126.22150858995039,86.3580943921607,4.13072444738678
2023-02-07 02:06:50,13.385735410807586,120.45612963980324,32.07367417552458,3.523265848979808
2024-04-07 02:06:50,6.688227323917815,125.96722102345747,54.264247831026395,3.8025598696075313
2024-01-20 02:06:50,15.789979919106914,119.5364527137267,84.17069976548079,4.013468586639101
2024-06-16 02:06:50,17.804753240691657,121.2408068497817,98.95566196554059,4.527751278508618
2023-08-17 02:06:50,7.46783680145241,118.48631897597599,89.06241179333256,3.7152778251638745
2024-02-26 02:06:50,5.531432888322588,123.04523646393429,37.7752589998133,7.332373982239465
2025-04-13 02:06:50,4.378217376741382,126.7687922669229,20.32148520464639,3.907271240530471
2024-06-26 02:06:50,14.271544007092256,122.63842405647716,49.44986120325228,6.042930772405966
2024-12-21 02:06:50,13.713504577420492,119.93595492524904,74.42250373176819,4.495109939251318
2022-12-28 02:06:50,12.74715860342512,123.12599190589582,49.76433800457646,4.21940255877273
2024-06-04 02:06:50,7.711153537855607,117.35212746311926,48.83490546805318,7.070276999189771
2023-09-30 02:06:50,10.254495934488235,125.77524988291938,83.98481168709826,5.240282013105846
2025-03-28 02:06:50,13.511621362978769,121.5339234585782,36.77897412765145,8.635098071994602
2025-10-16 02:06:50,11.94826974174671,120.94284716243607,86.11967280635292,4.555599541331051
2025-05-02 02:06:50,19.804568323438197,122.44451267298871,41.27367529422063,3.897691380468993
2025-04-07 02:06:50,6.18303604090773,122.87262249068343,33.4950774621556,4.830465887398131
2022-12-18 02:06:50,15.1223128647615,116.78953386849165,45.9450012087702,4.4002020100436
2024-12-17 02:06:50,10.469100289668674,123.50878943345742,76.48224890881198,7.386678467224105
2025-08-17 02:06:50,10.851193838809836,118.66124848347083,13.474200758535433,4.350815025290382
2023-08-24 02:06:50,15.48156425053082,123.85347895757249,20.44550237132972,6.112852858285223
2025-10-15 02:06:50,15.078978421189914,125.04788273822616,95.1930377406461,5.372057343449027
2024-12-30 02:06:50,8.68058603435966,125.010097941135,18.37367111075438,3.881167219146187
2023-01-17 02:06:50,8.763083610608346,124.87190128267197,57.205004475174405,4.138987954086378
2023-09-20 02:06:50,8.706893584401469,124.87920820131018,58.35213219953185,5.702128127245507
2025-11-24 02:06:50,8.868236315130899,125.02141367382707,49.47282174297423,5.710229870424078
2024-03-17 02:06:50,8.770958975034945,124.95096337081142,64.82977960910503,4.808267743552185
2023-12-14 02:06:50,8.738698917391526,125.06262661509851,23.752845853964224,5.186867320261488
2025-02-02 02:06:50,8.754405394866817,125.00637520494739,55.71356450989807,3.4287591323705144
2024-03-03 02:06:50,8.752274353609995,124.91022451387659,37.84515226944282,4.112467674591933
2025-10-07 02:06:50,8.737694299866337,125.02299694119708,66.50505870328972,7.789078464154582
2023-12-07 02:06:50,7.0698771954998865,122.9251346658091,14.981130793941796,4.523948051487052
2024-06-24 02:06:50,9.173944993848332,116.59765238305194,57.51686426710815,7.773764947692845
2024-08-15 02:06:50,7.626502435631808,124.2350975753882,19.341765182949047,8.281736846159122
2025-11-04 02:06:50,9.679940893310997,119.49345474787228,28.585663248388602,8.241248201679682
2025-09-15 02:06:50,5.110781483937494,116.00148162304934,22.652270232034738,8.901489426425343
2024-12-02 02:06:50,12.304956654532326,121.62242053160952,19.100940207012894,6.4097341094599045
2024-02-05 02:06:50,5.081801017475438,116.51537099380363,82.74538420450604,7.817399124541868
2024-06-24 02:06:50,16.805704125157785,119.0378651360299,29.285049198428144,7.564650399402732
2024-01-03 02:06:50,7.739393310566928,123.77674136201287,92.78525440458048,3.381192127391651
2023-07-03 02:06:50,12.64019063367217,116.68958583784053,97.0227260091739,6.181963505029923
2023-02-05 02:06:50,18.081265400983334,125.23272341591603,57.554786523772634,7.933366311661729
2023-02-09 02:06:50,14.414037904755107,116.04201914924441,15.157111143906913,3.2984642594616913
2023-05-28 02:06:50,12.527324584821365,118.71506256122092,38.080276094578544,5.342949461043447
2023-11-13 02:06:50,9.18934004984601,124.14994461767279,79.9754940714732,3.865268309313856
2024-12-04 02:06:50,9.328030608931167,119.47897164702238,37.37168214100998,4.194560711237424
2023-09-18 02:06:50,14.711791283171042,117.12081626872614,9.614704611976086,4.504713188910353
2023-11-24 02:06:50,19.90622977953868,119.96257310680471,56.12170618189061,6.167542448784341
2023-01-28 02:06:50,14.589427037590058,118.97432615022979,84.66696429810744,4.786927081591429
2024-08-04 02:06:50,12.924534677920398,125.26983092376611,79.79671232720673,6.092338570774948
2025-11-04 02:06:50,15.690408163827938,119.44682709343657,18.33719087290497,7.1054195797068775
2023-12-19 02:06:50,11.44328979653949,124.67825718953608,67.60369682683421,7.925092432713697
2023-01-04 02:06:50,4.962277481612563,125.81059359291808,22.829922080129062,5.691924522865493
2025-09-07 02:06:50,12.996749054046557,120.77199161534182,22.60254592066505,4.923710803345553
2025-07-29 02:06:50,19.322004552086085,126.00937458239831,87.53310555721333,6.348400182358886
2023-09-12 02:06:50,6.804847077722554,120.15049859359512,25.717226321282784,3.378728400043229
2024-06-13 02:06:50,15.040078253130652,126.60486258139119,27.06148730528311,4.650808008571793
2025-07-10 02:06:50,7.214939018544904,116.9821847697813,1.064685685368656,6.448925343176942
2025-11-07 02:06:50,12.5732429515693,123.55721193153568,87.19623437842625,5.655676417680079
2025-09-26 02:06:50,5.546823194347514,121.43195444502622,79.46688650770433,8.146660119338318
2025-04-13 02:06:50,11.205934980130962,120.26413686001212,63.10556457397712,7.646272314869727
2025-08-15 02:06:50,16.098613262323937,122.95983066623461,75.27631062994539,6.266720818340673
2025-08-13 02:06:50,9.561144387823713,123.74242800797764,16.052808175024687,4.7929462563989835
2025-04-18 02:06:50,14.638587591795488,116.0479959661534,46.37403586416997,4.485652771885807
2025-08-13 02:06:50,16.727199372635667,117.83648397621918,35.77071934752931,8.363624316484785
2025-10-29 02:06:50,18.834845111671243,123.8435065569775,10.283876099444633,6.286605135610351
2024-03-19 02:06:50,7.754273309687257,123.33023954936027,49.12691803627748,4.1277086406780015
2023-11-15 02:06:50,10.38905465294893,126.62652255641545,92.1532253839209,7.818594686365939
2024-04-16 02:06:50,6.438656213286679,124.37141569275862,4.965852786018754,6.1742772889771835
2024-10-03 02:06:50,19.879736034534005,126.45849978504472,29.854630435885593,5.194677437660259
2024-03-29 02:06:50,18.832015486788727,123.72794551688287,21.54655268436464,7.2886699721085675
2024-01-10 02:06:50,12.639314084488953,119.27857429503388,24.576518712903937,6.626660310378118
2025-01-21 02:06:50,16.654374627821426,124.50131805418283,90.93502063605816,7.075132459087961
2023-07-09 02:06:50,16.48287978730331,124.31885428264759,47.33883636919472,8.434362894093516
2024-02-09 02:06:50,16.556435766000405,124.46701927169933,47.16364188104206,4.591155191030488
2025-02-28 02:06:50,16.582214375618392,124.2540476091822,76.29698860307295,5.363807213473743
2024-03-18 02:06:50,16.359965962890975,124.36810403253982,16.294728196487654,4.845113961418534
2024-07-04 02:06:50,16.48077944829092,124.39128890216223,49.23927005590503,8.076189328242222
2023-08-12 02:06:50,16.509160834985174,124.59172379947545,43.56853619798491,7.325717256679589
2024-12-17 02:06:50,16.56027259259496,124.39675760170877,60.094158364118954,5.39286434552973
2023-09-01 02:06:50,16.653986632618246,124.20411348483894,99.95621262179341,4.314457992179458
2023-11-04 02:06:50,16.457481450565854,124.22434894149791,77.17544051412266,5.585356563676172
2023-06-17 02:06:50,16.484859347343747,124.4276407908187,40.38870459872529,3.2047438264806525
2025-04-03 02:06:50,16.48340212096088,124.48561491776303,82.92775217513065,4.905609190946915
2024-06-07 02:06:50,16.45450277301508,124.46178341794676,17.90012796793554,4.0297842345727375
2023-01-03 02:06:50,16.499936882514305,124.44099484276413,4.015904944587053,7.7400562020644195
2025-04-17 02:06:50,18.991325168497006,120.58154875094267,21.24038887396303,4.926880415496431
2024-06-02 02:06:50,12.86083585139802,125.04397875498066,34.70074405531171,5.7166720301109635
2023-05-27 02:06:50,8.888388970528377,125.35382801231884,51.54749498849643,5.2636151540869225
2025-11-26 02:06:50,10.351704273188535,118.33193460168523,61.89778491357878,7.879985152264363
2024-08-21 02:06:50,11.15524064807737,123.23088830387141,91.14996600422775,7.966602986082411
2025-09-18 02:06:50,13.609509333769877,121.1950998457928,51.47554694549531,6.6714611239538
2025-11-28 02:06:50,12.250870843143964,125.68172411713634,50.626288817947206,6.151583382512182
2024-02-25 02:06:50,18.710271571430678,118.37314747094099,5.974057972475231,3.519706753467102
2025-08-06 02:06:50,11.951415726493284,123.4559452034105,4.456243712966157,5.110658350478933
2023-07-05 02:06:50,19.874528237173003,122.68527334477994,55.56483622972083,8.548499396569131
2024-07-16 02:06:50,17.622799323921534,119.24831625329016,44.379682711586106,5.908609673824506
2023-04-30 02:06:50,7.336168229717373,117.5026099401629,84.07885910304957,4.931465670165359
2024-05-07 02:06:50,18.88952343430266,123.16803736525004,16.907278886472675,4.663539940584543
2025-05-22 02:06:50,5.8618623661676175,124.12457203945564,3.4721945495879103,4.6727133941984995
2023-08-08 02:06:50,17.079195335859065,119.47190078139685,45.45483802508246,5.690012079583155
2023-12-18 02:06:50,10.089972695625281,123.09315864424545,24.510377118473492,4.51806013659938
2023-01-17 02:06:50,18.047589127121114,120.34643998372654,5.9118229605449075,8.275424304669887
2025-06-12 02:06:50,17.888907041719207,123.8452757161088,72.73523039791526,3.436287746463363
2025-01-10 02:06:50,16.894806401881937,118.19136802383458,12.0477069957675,7.24370213078298
2023-08-19 02:06:50,16.640486980912982,125.79236502899792,61.223630500769396,8.017411968432533
2023-12-09 02:06:50,8.874866225568653,119.16150556112137,28.823925266522025,3.9605263308166103
2025-04-21 02:06:50,5.294708528820035,120.04564586531768,18.17610898514718,6.929149909078647
2024-06-18 02:06:50,10.447682860242583,116.63901147288385,38.59540076901243,6.317630616409717
2025-08-11 02:06:50,6.776392239784139,117.22663433553404,80.34313184607241,4.2429804788526155
2025-07-15 02:06:50,15.119217422439387,121.67448092983561,39.817264113552696,3.8722868125382686
2024-05-22 02:06:50,9.537595624604569,118.94351944400769,75.32619527189452,6.514786919417972
2025-12-01 02:06:50,19.60976321375864,125.19028248316414,13.423143383115917,7.486249060845338
2025-09-03 02:06:50,14.255553237525312,116.1616272752045,77.50437054684284,8.763020463623821
2024-02-17 02:06:50,17.159689018149777,120.1700345353913,24.456399165758217,6.949442294416169
2025-01-16 02:06:50,6.120394763869575,119.71080101446002,68.06191985899841,6.476351944139936
2025-07-16 02:06:50,17.79223171636196,116.21260394009362,57.01237392925864,5.906540427743049
2023-08-10 02:06:50,18.764115048214308,117.36805238900561,92.98532700395705,5.346497952966179
2025-03-18 02:06:50,11.792990701102974,120.55006942410499,39.34492927955609,6.649442026457001
2023-06-14 02:06:50,13.700047004015639,121.42151042892192,7.550353694609604,4.227044641712484
2024-01-12 02:06:50,16.23695681444793,120.44718721980357,2.8963930695740374,7.573977421866602
2025-11-22 02:06:50,6.797418036166601,121.84031446253303,82.85899753630255,5.477366184580897
2025-03-16 02:06:50,16.37510822401871,122.00681631098048,52.948828128481786,5.507522313995837
2025-06-13 02:06:50,16.29078675150012,121.93698481373023,77.74916113165997,8.489501463259845
2023-06-18 02:06:50,16.19223892707707,121.87847518894942,24.208134401139954,3.788620691068511
2025-11-19 02:06:50,16.171269291552427,121.60238013231425,35.16329080581014,7.049541095577571
2025-01-15 02:06:50,16.173102245011737,121.87884264439327,3.980283348920575,7.336473158216984
2025-01-07 02:06:50,4.412990511191792,123.45296494204848,96.1877401328371,6.6964729249768356
2023-10-09 02:06:50,6.162660626477164,119.43050243708572,67.11892276338052,5.970512852132922
2023-10-17 02:06:50,19.40984178542678,124.51390515968039,93.38730368817131,5.414347776129355
2023-06-05 02:06:50,12.792472574320271,124.50213630063726,27.28414433547816,7.587208917946977
2025-01-18 02:06:50,19.453154578451517,121.73425652419553,61.534897511340425,6.591605484582659
2025-04-10 02:06:50,10.919966053282112,126.73615205607135,68.17149686097115,4.9722915450966
2025-01-02 02:06:50,8.989058129364153,117.38105236238918,32.43742032550126,5.40592052485205
2024-11-21 02:06:50,12.098269805443906,116.1864243137854,84.96281426654738,6.571742840519223
2024-04-23 02:06:50,11.032187018126562,124.47174032932806,94.76898482712454,4.099224670615506
2024-07-07 02:06:50,5.690634948187903,124.87871091101371,88.60065665190443,4.521743394304182
2023-05-29 02:06:50,14.2532210350433,117.32227952032633,74.16763061799789,7.37986948732204
2023-07-13 02:06:50,7.456610920153594,118.92141116254467,28.46900329277045,4.874945160471282
2025-03-07 02:06:50,13.913407278365273,116.19307599703292,28.87998816845754,3.8750161804777727
2023-09-26 02:06:50,14.403217478370454,119.2263947185862,96.37267172415775,6.702420703112233
2023-12-08 02:06:50,6.43239765005837,124.50456061310538,2.018165097633511,7.921424342696551
2025-11-27 02:06:50,4.9815940337706905,121.69756580483836,71.8889473509723,3.7666703234144583
2023-08-04 02:06:50,16.492185377095037,119.82905152485117,70.91837009297096,8.084144373025914
2025-09-15 02:06:50,11.356806780309123,120.08913224396963,62.64626455402995,7.572559724223882
2024-05-07 02:06:50,4.930620728087613,116.01488988287015,99.02077576259971,7.896052521240916
2025-07-23 02:06:50,19.917861074716274,119.2978058032176,31.876064140608797,5.291999678057428
2024-04-10 02:06:50,4.924488975941866,123.11104615801723,34.65721451553157,8.262096613710085
2023-01-01 02:06:50,15.12056366173685,126.71613888197993,8.815000891709,8.617737606076854
2025-09-04 02:06:50,19.73886280421462,125.3176690968229,44.83701551783001,3.9266487124533693
2024-10-26 02:06:50,7.82688166745481,116.25954461110082,26.84380409724996,7.375180129073997
2025-02-09 02:06:50,6.275989898995139,125.88416665142323,34.99528351558678,5.754278674886429
2024-03-26 02:06:50,5.942159030758862,124.61518254628488,83.62260723530714,5.672227319880456
2023-09-24 02:06:50,8.852402361081529,124.58413735928079,93.61296683922208,3.4280616002809334
2024-10-06 02:06:50,5.616732976170347,121.03795334903928,19.38757412851338,3.3140525326065573
2023-01-20 02:06:50,15.07458146710611,120.37805822249953,37.87838422379312,5.764814023780666
2024-05-06 02:06:50,4.996668770081003,119.33207301716511,92.93442564942401,5.28436628739297
2025-07-12 02:06:50,12.150754050396635,116.72264344849802,7.11903760823304,5.261203311650216
2023-03-15 02:06:50,19.94714966164763,118.51058899843069,10.143692283026473,5.067308779909451
2024-02-06 02:06:50,17.0235243120963,118.71263998475827,17.116307931416706,4.064816906734959
2025-07-10 02:06:50,13.843511011696174,121.32484776681221,59.9260705785606,7.6000159137454535
2023-03-01 02:06:50,8.900057932585787,124.22188847256363,15.89675482959375,7.494925962466293
2024-07-17 02:06:50,13.982333380666216,121.21190811237742,96.83956176362261,3.6304214836403634
2023-09-03 02:06:50,12.432663422586426,116.63628894391877,45.22473819859351,7.113227650509833
2025-08-20 02:06:50,10.817334142245944,126.53568781087024,50.650278074666474,3.8065779108501356
2023-01-04 02:06:50,6.091366027843192,126.36996751003524,25.41920296473524,5.0561612879353435
2025-05-18 02:06:50,18.185667443847468,124.63708497463249,47.62506499103861,6.438842289558565
2024-05-02 02:06:50,11.19655438114116,126.90460691720642,66.52944963106414,4.392530727921637
2024-11-06 02:06:50,7.113960189132241,121.9893056608029,75.36653655845024,4.1966059789470425
2024-05-27 02:06:50,9.884149614036634,126.59045185278526,75.63294018828138,5.5115168555646665
2023-01-28 02:06:50,10.626076040462832,116.83165544678425,58.211220156714745,7.5587625916591845
2024-08-11 02:06:50,17.24060632906999,120.02248823087508,90.53161772439186,4.641696008055364
2023-05-24 02:06:50,17.63154077799743,124.72066467011717,81.92337688330483,4.1895955709754045
2024-10-08 02:06:50,17.469498724669624,125.0064814744497,75.94776335516391,4.727717395261074
2025-06-28 02:06:50,17.572333618986534,124.88989485828003,6.504946646365601,8.50374082100529
2024-05-31 02:06:50,17.622283920120243,124.88696640064838,1.680918259745282,5.5547694735700714
2023-02-15 02:06:50,17.653088303968264,124.88363070271187,22.032280442351823,5.707316993292242
2023-03-11 02:06:50,17.836320288905977,124.85473094845645,66.68883579743178,4.899822346534712
2023-04-26 02:06:50,8.157011339920547,117.61658980547031,41.708551399372034,5.181241349455284
2025-02-16 02:06:50,16.164637169954162,124.92236146926818,40.83821967063186,7.1846102349128795
2025-05-20 02:06:50,6.193755291663985,122.99550177880101,88.57410193473176,5.774113400877422
2024-04-13 02:06:50,12.564962103241466,120.26982276739695,89.66072196505203,8.290475289106663
2024-07-03 02:06:50,7.4432299522758,123.4154332508967,91.00835114130498,4.709659947769101
2023-07-21 02:06:50,4.193932394302292,118.85895477167116,32.0739295749877,8.30194349043709
2023-09-18 02:06:50,7.859223321592664,119.79711429343632,69.41452546118691,3.6677079069568492
2023-09-09 02:06:50,19.61398007856086,126.09234427445189,27.891684946162595,5.786958448034205
2025-04-18 02:06:50,16.824593790127835,119.19554956238562,19.870373474370528,5.5194498480989616
2025-04-30 02:06:50,19.353226309136534,121.1698709497373,19.278613277389553,8.64903413959986
2023-04-29 02:06:50,11.8056647028218,125.79155251135616,34.86865446549581,4.938108609580284
2025-11-17 02:06:50,5.755779178840056,123.7849348529428,43.56580435820235,7.835417133945952
2025-10-16 02:06:50,12.767351823579087,116.68423548781173,83.26396793445177,3.591897387642325
2025-01-12 02:06:50,11.270037352959374,117.62033348706868,12.869218253798497,4.331910839553257
2023-08-11 02:06:50,17.509713323833857,116.08625749849108,73.75765889209453,4.414318257528671
2025-07-25 02:06:50,5.569321292547913,122.9401396925208,53.61403650474123,3.773519252279152
2025-08-29 02:06:50,11.811858192348451,120.9244076795146,29.506588924923257,5.543727533879862
2024-03-15 02:06:50,6.400778635103748,117.47702335992503,49.78913886874963,5.020096548597943
2023-11-08 02:06:50,9.19481483024096,126.53727533162447,30.69426490792524,8.092307598662638
2023-09-30 02:06:50,15.797713238204794,121.82625696340182,60.01211356859229,3.8486856947162265
2025-09-24 02:06:50,11.616290069900264,118.66082623524179,43.950548362669174,7.1461701820523
2025-11-21 02:06:50,10.01421256233231,121.50663928270178,17.276147378808993,7.547332769842916
2023-07-14 02:06:50,10.311620457120565,123.47582366008619,12.541724381013974,4.5273161070938315
2024-05-31 02:06:50,11.351148294495786,116.83863139770921,55.122872525140885,7.039368607721645
2023-12-21 02:06:50,16.56026470139291,119.02174196552681,90.33889029532425,4.546906455329105
2025-11-09 02:06:50,18.27335502304375,124.87662039972393,35.05181096921087,6.9551815632148974
2023-09-09 02:06:50,19.285354984062852,121.05631357442927,73.56701061503969,3.719523588015059
2024-12-21 02:06:50,16.59045418008472,122.01234856235524,66.20747413903693,6.8514974181024035
2025-02-03 02:06:50,9.046510331968204,120.76097602430416,93.22393651663862,4.810110428144156
2024-12-04 02:06:50,15.010155297384674,116.48289936907305,82.27712071261494,3.614473343366503
2024-11-01 02:06:50,11.00164998488627,117.82324757802172,57.093920631640835,5.38710576156011
2025-04-28 02:06:50,8.074729952736819,120.9009580261608,66.04601932517663,5.486230541645369
2025-07-14 02:06:50,17.453945270814764,118.30104011948721,89.94026019181945,5.861149042815422
2023-04-19 02:06:50,4.6148215833972,116.54976931525647,40.55235967410655,8.960010926393634
2023-03-23 02:06:50,18.428191874166778,125.28014630457007,33.35267587991996,4.81711953359905
2023-03-15 02:06:50,11.383639433995747,126.79311782080528,2.0702972798844375,5.200844988611583
2023-08-27 02:06:50,14.195223628932487,124.72457161396413,82.82855634495496,3.6712735792225635
2024-01-19 02:06:50,14.549662755292523,125.39163413875134,80.29708933993312,6.2803865518730895
2023-03-04 02:06:50,18.321883851304584,118.6617484334875,11.340997291914986,5.250110558199978
2024-12-11 02:06:50,14.186714914675317,126.5668967306452,58.10888073213732,3.9426597563504737
2023-02-28 02:06:50,13.822937356160988,118.16618274898771,46.93418811852185,5.749022936224906
2023-06-28 02:06:50,5.066432648971039,126.46572791398016,12.752200455402035,4.118914618294188
2025-07-28 02:06:50,12.294528351123265,126.94301223362547,98.07625447901164,8.192517150465404
2023-02-27 02:06:50,6.4027040130726665,123.82895086320653,22.25489285887219,4.924447651949235
2024-04-07 02:06:50,17.483896554525547,120.69335352919694,7.6561838289655535,3.860808088195237
2023-02-22 02:06:50,17.361767375735603,120.60044481836923,59.88989057068905,6.7453092706146975
2025-10-12 02:06:50,17.29662282485464,120.54397691837383,74.14780103617024,3.790124388759424
2023-01-14 02:06:50,17.187258930720933,120.70236430301634,4.211901158671509,7.850535041045999
2023-10-15 02:06:50,17.155753237853148,120.62890020279818,66.21304623397519,3.7694804636924926
2023-09-10 02:06:50,17.346478333059697,120.48655808551436,53.69689571919399,7.2012105478979755
2024-10-08 02:06:50,17.243722803341853,120.5418160403539,11.223235878629794,8.079998992643056
2023-03-25 02:06:50,17.382056717874924,120.33763097939459,18.079863817689844,8.41947416960204
2023-08-30 02:06:50,17.15113004455758,120.64047744043094,57.22945543429197,4.262634883610978
2023-02-11 02:06:50,19.30402237279168,124.71854627917222,30.339403737815548,7.6719928757920135
2024-05-14 02:06:50,15.800133751344111,125.98688673157581,93.89325713648029,8.389488179629012
2024-11-26 02:06:50,9.652022536033027,126.38071752102243,82.05528271892103,4.437746102192495
2023-05-11 02:06:50,8.744569300602484,126.56149164845992,98.37315344485263,3.501958888302035
2024-02-10 02:06:50,9.595251675933593,121.7360560259362,26.707413056090985,3.7577234909871438
2023-04-08 02:06:50,16.39445649889891,126.75038698790654,97.00263964699973,3.778993472321798
2025-05-14 02:06:50,14.58192977712663,124.33041227847883,43.69215310936423,4.972633045046308
2025-01-23 02:06:50,6.963129085879487,117.77838579860658,35.404360736061705,6.062003785456705
2025-08-07 02:06:50,6.78574936534535,121.24590117114766,5.984603169965971,4.675006039196648
2023-05-10 02:06:50,5.574330395414357,123.90164292909205,6.22376052810066,5.74719691625816
2024-05-06 02:06:50,14.56484351522141,118.72074347400992,69.50911433871882,8.906636474928026
2025-04-02 02:06:50,16.229962595547775,123.04676701903776,46.33497044896876,4.473708423205211
2024-06-13 02:06:50,8.240742853200064,123.33260526951281,23.425640977574464,5.269202285935928
2025-09-18 02:06:50,4.335119376494605,117.78969718189423,61.78306032619803,6.820908250569525
2024-11-11 02:06:50,5.3147466796228375,122.21593843698032,26.032953706761006,6.57418941576391
2024-08-14 02:06:50,19.485760557520486,124.48789602076468,58.18554368009784,6.717562745839525
2024-10-10 02:06:50,8.727116439638724,121.48785230989536,36.561665951286344,4.705958733685121
2024-12-20 02:06:50,16.307570365410136,116.13313428453718,82.53167043457009,7.305095570351792
2024-03-02 02:06:50,13.99461710166822,116.09942315987222,82.24891991591116,5.752874424674836
2023-05-08 02:06:50,10.111034234446334,119.92732278367014,48.25768941411773,3.842673664146023
2023-04-22 02:06:50,7.290996195128882,126.1881347527496,35.73109182416654,5.573573225275549
2023-07-10 02:06:50,5.942182690550503,118.51544457563969,36.89341985935036,5.006888620177609
2023-10-31 02:06:50,13.840207488621866,122.97800057758856,80.76573804115357,3.2680675689140766
2024-02-07 02:06:50,16.394140490204606,118.44283457762653,33.48976879696359,7.014715659250829
2025-11-07 02:06:50,14.30246805665809,119.53836988625504,21.696877996977754,5.568129102000402
2023-12-23 02:06:50,12.484834131986533,125.32846298561633,9.384145845655375,8.036411464365042
2025-06-08 02:06:50,4.67121957490618,124.01747586496941,47.20261896755643,6.373233408802751
2025-02-20 02:06:50,19.49582044151014,117.04939205044532,48.731077793064344,4.061631544616449
2025-09-30 02:06:50,16.779427066473193,120.71572223085077,84.24996232988781,3.9334863145927716
2023-03-05 02:06:50,8.685152587215436,116.32086740009791,22.902630948160333,6.258679848333818
2024-02-09 02:06:50,19.67952526974161,121.2897916126331,38.718136093171594,5.893429763666971
2024-02-05 02:06:50,13.630105434181154,123.28677412871176,81.0321681504754,4.439233915385934
2025-06-29 02:06:50,13.318762531315944,117.30352885957967,82.53873746414838,5.7575027881452545
2022-12-25 02:06:50,15.969170870872514,119.17773432800082,39.07649652189805,7.0750573150636065
2023-04-10 02:06:50,16.9883166094422,120.37620288052372,46.45327830538141,8.138460424182895
2023-08-06 02:06:50,14.503657717304042,126.11484127121655,31.025303194079008,6.81176289776551
2024-01-13 02:06:50,6.0495319418592,126.9258051696526,93.32293296351189,4.849410971079361
2025-07-07 02:06:50,9.412280095911974,116.49402428895178,12.74573280841645,6.017565115201926
2024-12-25 02:06:50,18.849338245216796,124.37108715844931,93.44119287714553,4.2342326251367
2024-08-13 02:06:50,7.593849789501631,120.08896473042577,68.70277873169898,7.011181800418493
2022-12-11 02:06:50,9.954672381400213,120.31704004852428,53.625643115986385,3.7635435552486864
2024-05-20 02:06:50,12.289590143659115,122.32282111865784,4.233247017665091,6.040640041472248
2025-01-09 02:06:50,12.42839560756022,122.2353486146567,48.08402299037882,8.050988691546749
2023-03-18 02:06:50,12.171538947296108,122.2308212449462,41.367062395270494,6.590761538871094
2025-05-01 02:06:50,12.364835544975067,122.15920371182547,16.960662385537134,4.1994759585817185
2024-09-23 02:06:50,12.294129274596418,122.34715157146061,65.98455074656503,8.84154169927215
2023-04-25 02:06:50,12.256279638322447,122.1912146503149,97.1439398294603,5.551773694502206
2023-12-10 02:06:50,12.338859543834857,122.31699262867662,56.656692295387984,5.59881892252057
2025-10-31 02:06:50,18.19079840334831,122.2048143171687,71.76057436795064,6.943694426806193
2024-02-01 02:06:50,14.332973002483296,119.9443630767736,7.776594804035661,4.227045745553596
2025-02-20 02:06:50,8.574508627826562,123.22294181078664,42.349032585882476,4.8991032962919405
2024-09-29 02:06:50,17.055151023497878,118.64438804182858,12.519490031285091,8.50851887378132
2025-02-19 02:06:50,17.781919941814976,118.10752240308308,61.66678771811453,3.5711798055071076
2023-01-24 02:06:50,17.54422941904445,126.1006299534298,93.90973366320131,6.401499039019609
2025-11-14 02:06:50,18.70282453823287,117.11984051244491,66.51599551469221,4.331906270374714
2023-10-25 02:06:50,8.035856322773785,121.56553698508425,8.603501783127731,4.947273895685301
2024-04-21 02:06:50,16.080670859940454,118.42938061259309,36.1119542935232,4.148561621080452
2023-02-26 02:06:50,11.36863195638624,116.42822959658234,55.5156745646443,4.621311288302759
2025-05-22 02:06:50,17.471976846240985,116.3962070012057,40.91756785719197,5.40089556158804
2024-07-18 02:06:50,15.655850834585811,117.9274394931641,83.53075703704206,5.245180468173917
2023-03-20 02:06:50,16.423159143995594,125.534473899566,81.65242946628894,4.30959442891231
2025-08-10 02:06:50,14.498589402897144,119.1072661837473,61.57127099021892,3.2633161328125095
2023-04-30 02:06:50,6.83886031151531,126.45505087632826,37.97233656813782,4.176478438867611
2023-08-24 02:06:50,12.720430702351013,122.39784522288113,26.27830100256117,4.235440859998774
2023-05-22 02:06:50,19.75471583239213,120.80275608745643,11.481557503099802,7.014228455063002
2025-10-08 02:06:50,18.9982090639539,122.380977181364,36.13487066516885,4.096556949468267
2023-09-24 02:06:50,4.690779772752187,121.68368223748894,41.90407920356423,4.406953175990813
2023-10-16 02:06:50,6.637037051670994,124.34653879133057,67.90646958530328,8.470946324647944
2025-06-23 02:06:50,6.1076603752729905,119.10745672570137,66.15782260545977,4.873438331677043
2025-09-06 02:06:50,15.615678559764728,119.88355430760333,7.940705824484438,6.392415654212636
2025-10-08 02:06:50,17.08456527771112,125.83503732786576,40.13067222768462,4.08608549999143
2023-02-04 02:06:50,7.416181860970751,126.41102164465445,18.99610785451883,8.478302927327302
2023-08-22 02:06:50,12.093643087229264,125.81814050235121,16.524457826363765,5.444637590951377
2025-01-23 02:06:50,17.4512484481792,120.61392793353045,82.90291282398735,3.708925606360491
2023-11-04 02:06:50,15.72482471626001,124.5840205330757,5.149606454909495,7.062121964221738
2024-09-15 02:06:50,12.675795287869573,121.23969306631209,42.499104714310015,5.134361378343837
2025-01-08 02:06:50,13.445563047340366,121.47293837360712,17.652161920885302,7.999771967917255
2022-12-20 02:06:50,12.13376875066048,118.25148119963012,88.05369135216893,8.895480764922663
2023-11-02 02:06:50,8.76077522110113,122.50243333584368,56.14701081422848,4.836569079538607
2024-05-02 02:06:50,13.040351885744258,118.04749487528683,23.906683001307954,5.792097929821082
2022-12-23 02:06:50,15.022164832801451,119.64721168973914,50.740301429471266,5.599145722089958
2023-03-01 02:06:50,17.97316665377292,125.40533221781928,73.41714961060846,8.936838261000815
2025-08-28 02:06:50,14.18066166366797,118.27783390131941,95.85368288302395,4.206922073786595
2023-09-10 02:06:50,16.17794459269053,116.78274113690776,22.824154420296473,3.6127892063290012
2024-07-29 02:06:50,6.561146159273168,116.75908351874098,88.73199544080516,5.134998040862314
2024-09-06 02:06:50,11.384919590716638,126.34862972553418,93.49610730258154,4.151569452796931
2025-06-20 02:06:50,4.149305917233493,121.57612481758018,91.72563390867455,5.209264286465517
2025-06-03 02:06:50,7.946861832345968,120.5035327899872,63.90602132932907,8.081105350777849
2024-08-20 02:06:50,15.623387441808077,124.91966439108711,63.352244789036064,6.118098432296522
2023-06-06 02:06:50,19.868959221589815,125.19408520701568,40.917852685198454,6.340792613232827
2023-11-28 02:06:50,5.5868495933954545,119.65410136427165,75.487390348075,5.070321702388997
2023-09-01 02:06:50,8.888393612356884,123.84291303149921,53.598107816742264,4.458885108246529
2023-05-03 02:06:50,8.70821702976574,123.73429893962827,68.06636905160116,5.611865787307755
2025-11-25 02:06:50,8.732781583762176,123.93318500907067,43.41733248103075,4.404556092074466
2025-01-06 02:06:50,8.695891236566887,123.84595597209503,73.41814994027077,6.394139745859388
2023-10-19 02:06:50,8.820084657921686,123.71137636631995,82.62268024285035,3.9716843268136195
2025-07-04 02:06:50,9.017693486071442,123.70942921330524,15.497189403678796,4.213851903297855
2025-07-08 02:06:50,8.815876391792106,123.88310031462682,83.46004184184858,4.9512119172174245
2023-06-01 02:06:50,8.835822026480251,123.73374055844998,54.48935664724041,4.601592847100912
2024-01-02 02:06:50,8.749601090358114,123.86090015689163,84.6219249999322,5.803772782999421
2025-09-11 02:06:50,8.822984009465586,123.92029873487712,43.698868927760444,7.916409610504432
2024-07-06 02:06:50,4.083673816686604,124.42101425567446,38.52500805292047,8.413175824814154
2023-09-09 02:06:50,16.1758521604495,116.00012798230902,91.59101251920502,7.587653505428628
2023-12-24 02:06:50,4.564981679043825,120.58222411330522,25.865757487291727,3.4517732081742314
2023-11-17 02:06:50,15.931740523699714,121.74761199194147,84.57702020332816,6.810347543365577
2023-02-13 02:06:50,7.239688962643799,116.6009786200107,48.91803667843101,6.8871176310590485
2023-12-26 02:06:50,19.329175681910083,126.70385979269567,51.89544881257471,6.464794377312042
2024-08-18 02:06:50,9.887052020833352,118.4873786437464,31.53835986745892,4.250089996721517
2024-11-01 02:06:50,9.230905861409266,119.34618591599909,57.73117786128255,5.847051678599875
2025-03-16 02:06:50,6.382208805319115,119.3433676348053,33.19590843134492,6.336041686457325
2023-09-19 02:06:50,8.889667447843438,118.53458328329084,4.887672009923579,4.764426452276168
2023-05-13 02:06:50,18.02641218925121,116.01621204294942,27.92786192909125,6.59854275168035
2023-06-11 02:06:50,19.941349402035957,124.02279273496796,1.6315252972524772,7.250619452398896
2022-12-21 02:06:50,9.892952488109573,126.63530049779214,97.8571239186288,5.178056390193611
2023-05-07 02:06:50,11.177770095272681,118.46722831613549,96.608973772155,4.006653918668709
2023-08-01 02:06:50,15.553135011243793,123.29351910983765,40.1203744497582,3.4493764420797013
2024-04-18 02:06:50,18.179132487441194,124.16085959654586,73.10871457962496,5.03942295652545
2023-12-19 02:06:50,13.488709346988546,125.33267916999577,35.234803742632074,4.0563363450624506
2024-03-10 02:06:50,10.26441117084527,120.6489211671497,67.43822255151163,4.753279147846761
2025-10-04 02:06:50,10.60194945357798,119.33223996204472,80.73757426155193,6.305487757310219
2025-07-27 02:06:50,15.12989034394891,119.57824647425335,94.72886822453184,6.312653647891321
2023-11-27 02:06:50,4.051492217668459,123.83883466408363,40.62101530911753,4.733561024795387
2023-12-12 02:06:50,13.913429399357451,124.984574131562,78.54650031264872,4.2342961237174785
2024-06-24 02:06:50,9.687888167061718,117.99775364532263,27.32691661257976,5.005197517106078
2024-06-29 02:06:50,16.707157300433348,120.08035108973542,99.04289807557119,8.890034188496989
2024-05-29 02:06:50,5.4878502371701146,125.92134216424066,3.551190277670763,3.35046964443185
2025-04-09 02:06:50,13.411236271174248,124.87362871664213,60.749351843610974,4.76941158629594
2024-07-26 02:06:50,11.69556623817798,126.83344243038724,66.29109218348138,3.8871098949885563
2025-11-28 02:06:50,14.277208414483638,124.29673085650289,69.11651015033875,7.651394120730839
2024-02-05 02:06:50,5.0376575117274935,120.32514721130714,12.918370300119813,6.277633464998972
2024-09-16 02:06:50,13.2797405988501,122.49701617394102,93.91444856383991,5.694443083162624
2025-11-03 02:06:50,12.98375340735238,123.27115679672052,18.937144625958197,4.131913439125765
2024-04-01 02:06:50,12.970561510658735,116.86301397948836,62.65258692074427,3.880317624259634
2023-09-19 02:06:50,13.655802665543277,121.98946655014251,23.044931833185412,6.274318336722255
2025-09-18 02:06:50,14.823486995621796,123.8025291131987,31.414425285105818,5.357576801407291
2023-08-17 02:06:50,16.879823994892316,117.84053434401166,55.09939563108431,4.179898709963675
2025-07-27 02:06:50,8.31713152205143,124.58694889168113,42.302148437893074,5.402419314157701
2025-10-21 02:06:50,17.200790562880993,122.42150058565522,16.862334496674123,5.0517371109692855
2025-10-22 02:06:50,11.972090916215258,126.47443964267354,17.92270383966398,7.886753807167024
2023-05-13 02:06:50,5.232932466149299,116.46664528027581,42.39633402811717,6.528363270967187
2025-10-29 02:06:50,4.936814867903667,118.91858751311014,75.97101484927457,5.160575087361292
